gallery_id,post_title,post_url,posted_at,card_name,rarity,raw_price,price_krw,price_unit,quantity,shipping_included,author_name,author_type,shipping_price_krw,review_status,review_reason,raw_line,post_status,price_status,price_scope,price_origin,analysis_status,card_match_status,seller_id,seller_name,seller_risk_score,seller_risk_level,seller_review_status,is_repost
tcggame,고레어 몇장 팜,https://m.dcinside.com/board/tcggame/4320052,2026-08-23T23:55:07+09:00,증지,쿼싴,4.0,40000,만원 단위 추정,1,unknown,가치롭게,guest,,needs_review,"가격 단위 추정, 배송비 포함 여부 미확정",증지 쿼싴4.0,active,estimated,per_card,text,needs_review,candidate,seller-a4e1f15dcf7a7e2267b46eda,가치롭게,15,low,unreviewed,0
tcggame,고레어 몇장 팜,https://m.dcinside.com/board/tcggame/4320052,2026-08-23T23:55:07+09:00,드롤 신일,프싴,2.0,20000,만원 단위 추정,1,unknown,가치롭게,guest,,needs_review,"가격 단위 추정, 배송비 포함 여부 미확정",드롤 신일프싴2.0,active,estimated,per_card,text,needs_review,candidate,seller-a4e1f15dcf7a7e2267b46eda,가치롭게,15,low,unreviewed,0
tcggame,고레어 몇장 팜,https://m.dcinside.com/board/tcggame/4320052,2026-08-23T23:55:07+09:00,삼호+삼재,쿼싴,5.0,50000,만원 단위 추정,1,unknown,가치롭게,guest,,needs_review,"가격 단위 추정, 일괄·세트 가격, 복수 카드 가격, 배송비 포함 여부 미확정, 묶음·세트 총액 · 개별 카드 가격 아님",삼호+삼재 쿼싴 일괄 5.0,active,estimated,bundle,text,needs_review,candidate,seller-a4e1f15dcf7a7e2267b46eda,가치롭게,15,low,unreviewed,0
tcggame,고레어 몇장 팜,https://m.dcinside.com/board/tcggame/4320052,2026-08-23T23:55:07+09:00,리틀나이트,프싴,3.5,35000,만원 단위 추정,1,unknown,가치롭게,guest,,needs_review,"가격 단위 추정, 배송비 포함 여부 미확정",리틀나이트 프싴3.5,active,estimated,per_card,text,needs_review,candidate,seller-a4e1f15dcf7a7e2267b46eda,가치롭게,15,low,unreviewed,0
tcggame,고레어 몇장 팜,https://m.dcinside.com/board/tcggame/4320052,2026-08-23T23:55:07+09:00,후와로스,프싴,10.5,105000,만원 단위 추정,1,unknown,가치롭게,guest,,needs_review,"가격 단위 추정, 배송비 포함 여부 미확정",후와로스 프싴10.5,active,estimated,per_card,text,needs_review,candidate,seller-a4e1f15dcf7a7e2267b46eda,가치롭게,15,low,unreviewed,0
tcggame,고레어 몇장 팜,https://m.dcinside.com/board/tcggame/4320052,2026-08-23T23:55:07+09:00,프레임기어 (2델타+1감마+1드라이버 올 프싴),,7.5,75000,만원 단위 추정,1,unknown,가치롭게,guest,,needs_review,"가격 단위 추정, 일괄·세트 가격, 복수 카드 가격, 배송비 포함 여부 미확정, 묶음·세트 총액 · 개별 카드 가격 아님",프레임기어 세트(2델타+1감마+1드라이버 올 프싴)7.5,active,estimated,bundle,text,needs_review,candidate,seller-a4e1f15dcf7a7e2267b46eda,가치롭게,15,low,unreviewed,0
tcggame,고레어 몇장 팜,https://m.dcinside.com/board/tcggame/4320052,2026-08-23T23:55:07+09:00,와라시 신일,쿼싴,4.0,40000,만원 단위 추정,1,unknown,가치롭게,guest,,needs_review,"가격 단위 추정, 배송비 포함 여부 미확정",와라시 신일쿼싴4.0,active,estimated,per_card,text,needs_review,candidate,seller-a4e1f15dcf7a7e2267b46eda,가치롭게,15,low,unreviewed,0
tcggame,고레어 몇장 팜,https://m.dcinside.com/board/tcggame/4320052,2026-08-23T23:55:07+09:00,우라라 신일,쿼싴,6.6,66000,만원 단위 추정,1,unknown,가치롭게,guest,,needs_review,"가격 단위 추정, 일괄·세트 가격, 배송비 포함 여부 미확정, 묶음·세트 총액 · 개별 카드 가격 아님",우라라 신일쿼싴 일괄6.6,active,estimated,bundle,text,needs_review,candidate,seller-a4e1f15dcf7a7e2267b46eda,가치롭게,15,low,unreviewed,0
tcggame,자기전에 쓰는 레볼부 버프로 등등 판맥글,https://m.dcinside.com/board/tcggame/4320041,2026-08-23T23:43:56+09:00,둠즈 브레이크 디아크로스,시크,0.4,4000,만원 단위 추정,1,unknown,흑마도의커튼,registered,,needs_review,"가격 단위 추정, 배송비 포함 여부 미확정",둠즈 브레이크 디아크로스 시크 0.4,active,estimated,per_card,text,needs_review,candidate,seller-26c8655447e6756414d82ed9,흑마도의커튼,15,low,unreviewed,0
tcggame,자기전에 쓰는 레볼부 버프로 등등 판맥글,https://m.dcinside.com/board/tcggame/4320041,2026-08-23T23:43:56+09:00,위치크래프크 바이스트리트,,0.1,1000,만원 단위 추정,1,unknown,흑마도의커튼,registered,,needs_review,"가격 단위 추정, 배송비 포함 여부 미확정",위치크래프크 바이스트리트 0.1,active,estimated,per_card,text,needs_review,candidate,seller-26c8655447e6756414d82ed9,흑마도의커튼,15,low,unreviewed,0
tcggame,자기전에 쓰는 레볼부 버프로 등등 판맥글,https://m.dcinside.com/board/tcggame/4320041,2026-08-23T23:43:56+09:00,언체인드 소울 라기아,시크,0.1,1000,만원 단위 추정,1,unknown,흑마도의커튼,registered,,needs_review,"가격 단위 추정, 배송비 포함 여부 미확정",언체인드 소울 라기아 시크 0.1,active,estimated,per_card,text,needs_review,candidate,seller-26c8655447e6756414d82ed9,흑마도의커튼,15,low,unreviewed,0
tcggame,자기전에 쓰는 레볼부 버프로 등등 판맥글,https://m.dcinside.com/board/tcggame/4320041,2026-08-23T23:43:56+09:00,성관 장당,,0.7,7000,만원 단위 추정,1,unknown,흑마도의커튼,registered,,needs_review,"가격 단위 추정, 배송비 포함 여부 미확정",성관 장당 0.7,active,estimated,per_card,text,needs_review,candidate,seller-26c8655447e6756414d82ed9,흑마도의커튼,15,low,unreviewed,0
tcggame,덴지쿤 나 진짜 돈이 급해,https://m.dcinside.com/board/tcggame/4320024,2026-08-23T23:27:12+09:00,var safe = (window.dcAd && window.dcAd.safe ==,,1,10000,만원 단위 추정,1,unknown,냐7213,registered,,needs_review,"가격 단위 추정, 복수 카드 가격, 배송비 포함 여부 미확정, 묶음·세트 총액 · 개별 카드 가격 아님, 스크립트·광고 문구로 추정되는 오염 행",var safe = (window.dcAd && window.dcAd.safe == 1),active,estimated,bundle,text,excluded,candidate,seller-2f894e0b66454e58ff5fb78d,냐7213,15,low,unreviewed,0
tcggame,자기전에 쓰는 레볼부 버프로 등등 판맥글,https://m.dcinside.com/board/tcggame/4320041,2026-08-23T23:43:56+09:00,아제우스,프싴,0.4,4000,만원 단위 추정,1,unknown,흑마도의커튼,registered,,needs_review,"가격 단위 추정, 배송비 포함 여부 미확정",아제우스 프싴 0.4,active,estimated,per_card,text,needs_review,candidate,seller-26c8655447e6756414d82ed9,흑마도의커튼,15,low,unreviewed,0
tcggame,덴지쿤 나 진짜 돈이 급해,https://m.dcinside.com/board/tcggame/4320024,2026-08-23T23:27:12+09:00,마그넷 소스에 임펄스 노말,,6.5,65000,만원 단위 추정,1,unknown,냐7213,registered,,needs_review,"가격 단위 추정, 배송비 포함 여부 미확정, 묶음·세트 총액 · 개별 카드 가격 아님",마그넷 소스에 임펄스 노말 6.5,active,estimated,bundle,text,needs_review,candidate,seller-2f894e0b66454e58ff5fb78d,냐7213,15,low,unreviewed,0
tcggame,자기전에 쓰는 레볼부 버프로 등등 판맥글,https://m.dcinside.com/board/tcggame/4320041,2026-08-23T23:43:56+09:00,필마 없는 툰제올 소스,,3.5,35000,만원 단위 추정,1,unknown,흑마도의커튼,registered,,needs_review,"가격 단위 추정, 수량 표기 감지, 배송비 포함 여부 미확정, 묶음·세트 총액 · 개별 카드 가격 아님",필마 1장 없는 툰제올 소스 3.5,active,estimated,bundle,text,needs_review,candidate,seller-26c8655447e6756414d82ed9,흑마도의커튼,15,low,unreviewed,0
tcggame,자기전에 쓰는 레볼부 버프로 등등 판맥글,https://m.dcinside.com/board/tcggame/4320041,2026-08-23T23:43:56+09:00,사크라멘툼 드라군,시크,0.4,4000,만원 단위 추정,1,unknown,흑마도의커튼,registered,,needs_review,"가격 단위 추정, 배송비 포함 여부 미확정",사크라멘툼 드라군 시크 0.4,active,estimated,per_card,text,needs_review,candidate,seller-26c8655447e6756414d82ed9,흑마도의커튼,15,low,unreviewed,0
tcggame,자기전에 쓰는 레볼부 버프로 등등 판맥글,https://m.dcinside.com/board/tcggame/4320041,2026-08-23T23:43:56+09:00,위치크래프트 피또레,,0.15,1500,만원 단위 추정,1,unknown,흑마도의커튼,registered,,needs_review,"가격 단위 추정, 배송비 포함 여부 미확정",위치크래프트 피또레 0.15,active,estimated,per_card,text,needs_review,candidate,seller-26c8655447e6756414d82ed9,흑마도의커튼,15,low,unreviewed,0
tcggame,자기전에 쓰는 레볼부 버프로 등등 판맥글,https://m.dcinside.com/board/tcggame/4320041,2026-08-23T23:43:56+09:00,맬리스 필마,,1.0,10000,만원 단위 추정,1,unknown,흑마도의커튼,registered,,needs_review,"가격 단위 추정, 배송비 포함 여부 미확정",맬리스 필마 1.0,active,estimated,per_card,text,needs_review,candidate,seller-26c8655447e6756414d82ed9,흑마도의커튼,15,low,unreviewed,0
tcggame,자기전에 쓰는 레볼부 버프로 등등 판맥글,https://m.dcinside.com/board/tcggame/4320041,2026-08-23T23:43:56+09:00,데스 엠페러 병신,,0.1,1000,만원 단위 추정,1,unknown,흑마도의커튼,registered,,needs_review,"가격 단위 추정, 배송비 포함 여부 미확정",데스 엠페러 병신 0.1,active,estimated,per_card,text,needs_review,candidate,seller-26c8655447e6756414d82ed9,흑마도의커튼,15,low,unreviewed,0
tcggame,자기전에 쓰는 레볼부 버프로 등등 판맥글,https://m.dcinside.com/board/tcggame/4320041,2026-08-23T23:43:56+09:00,하얀용 장당,,0.6,6000,만원 단위 추정,1,unknown,흑마도의커튼,registered,,needs_review,"가격 단위 추정, 배송비 포함 여부 미확정",하얀용 장당 0.6,active,estimated,per_card,text,needs_review,candidate,seller-26c8655447e6756414d82ed9,흑마도의커튼,15,low,unreviewed,0
tcggame,자기전에 쓰는 레볼부 버프로 등등 판맥글,https://m.dcinside.com/board/tcggame/4320041,2026-08-23T23:43:56+09:00,초거대전함 메탈 슬레이브,,0.3,3000,만원 단위 추정,1,unknown,흑마도의커튼,registered,,needs_review,"가격 단위 추정, 배송비 포함 여부 미확정",초거대전함 메탈 슬레이브 0.3,active,estimated,per_card,text,needs_review,candidate,seller-26c8655447e6756414d82ed9,흑마도의커튼,15,low,unreviewed,0
tcggame,자기전에 쓰는 레볼부 버프로 등등 판맥글,https://m.dcinside.com/board/tcggame/4320041,2026-08-23T23:43:56+09:00,툰 테러,시크,0.1,1000,만원 단위 추정,1,unknown,흑마도의커튼,registered,,needs_review,"가격 단위 추정, 배송비 포함 여부 미확정",툰 테러 시크 0.1,active,estimated,per_card,text,needs_review,candidate,seller-26c8655447e6756414d82ed9,흑마도의커튼,15,low,unreviewed,0
tcggame,자기전에 쓰는 레볼부 버프로 등등 판맥글,https://m.dcinside.com/board/tcggame/4320041,2026-08-23T23:43:56+09:00,비의 프싴 준등포,,,,미기재,3,unknown,흑마도의커튼,registered,,needs_review,수량 표기 감지 · 가격 미기재,비의 프싴 준등포 3,active,missing,unknown,unknown,needs_review,candidate,seller-26c8655447e6756414d82ed9,흑마도의커튼,15,low,unreviewed,0
tcggame,자기전에 쓰는 레볼부 버프로 등등 판맥글,https://m.dcinside.com/board/tcggame/4320041,2026-08-23T23:43:56+09:00,마인드 스캔,시크,0.2,2000,만원 단위 추정,1,unknown,흑마도의커튼,registered,,needs_review,"가격 단위 추정, 배송비 포함 여부 미확정",마인드 스캔 시크 0.2,active,estimated,per_card,text,needs_review,candidate,seller-26c8655447e6756414d82ed9,흑마도의커튼,15,low,unreviewed,0
tcggame,자기전에 쓰는 레볼부 버프로 등등 판맥글,https://m.dcinside.com/board/tcggame/4320041,2026-08-23T23:43:56+09:00,위치크래프크 퓨필즈,,0.2,2000,만원 단위 추정,1,unknown,흑마도의커튼,registered,,needs_review,"가격 단위 추정, 배송비 포함 여부 미확정",위치크래프크 퓨필즈 0.2,active,estimated,per_card,text,needs_review,candidate,seller-26c8655447e6756414d82ed9,흑마도의커튼,15,low,unreviewed,0
tcggame,자기전에 쓰는 레볼부 버프로 등등 판맥글,https://m.dcinside.com/board/tcggame/4320041,2026-08-23T23:43:56+09:00,언체인드 3꽉,,1.1,11000,만원 단위 추정,1,unknown,흑마도의커튼,registered,,needs_review,"가격 단위 추정, 배송비 포함 여부 미확정",언체인드 3꽉 1.1,active,estimated,per_card,text,needs_review,candidate,seller-26c8655447e6756414d82ed9,흑마도의커튼,15,low,unreviewed,0
tcggame,안팔린거 ㅍㅍ,https://m.dcinside.com/board/tcggame/4320018,2026-08-23T23:21:21+09:00,오버울 +스정싱옵프,,2.8,28000,만원 단위 추정,5,unknown,뉴마노,guest,,needs_review,"가격 단위 추정, 수량 표기 감지, 일괄·세트 가격, 복수 카드 가격, 배송비 포함 여부 미확정, 묶음·세트 총액 · 개별 카드 가격 아님",오버울 5장+스정싱옵프 일괄 2.8,active,estimated,bundle,text,needs_review,candidate,seller-692f5cdf182b744af4c60292,뉴마노,15,low,unreviewed,0
tcggame,안팔린거 ㅍㅍ,https://m.dcinside.com/board/tcggame/4320018,2026-08-23T23:21:21+09:00,성상 옵프,,,,미기재,1,unknown,뉴마노,guest,,needs_review,수량 표기 감지 · 가격 미기재,성상 옵프 1,active,missing,unknown,unknown,needs_review,candidate,seller-692f5cdf182b744af4c60292,뉴마노,15,low,unreviewed,0
tcggame,안팔린거 ㅍㅍ,https://m.dcinside.com/board/tcggame/4320018,2026-08-23T23:21:21+09:00,환문,프싴,,,미기재,3,unknown,뉴마노,guest,,needs_review,수량 표기 감지 · 가격 미기재,환문 프싴 3,active,missing,unknown,unknown,needs_review,candidate,seller-692f5cdf182b744af4c60292,뉴마노,15,low,unreviewed,0
tcggame,안팔린거 ㅍㅍ,https://m.dcinside.com/board/tcggame/4320018,2026-08-23T23:21:21+09:00,팬시볼,프싴,,,미기재,2,unknown,뉴마노,guest,,needs_review,수량 표기 감지 · 가격 미기재,팬시볼 프싴 2,active,missing,unknown,unknown,needs_review,candidate,seller-692f5cdf182b744af4c60292,뉴마노,15,low,unreviewed,0
tcggame,안팔린거 ㅍㅍ,https://m.dcinside.com/board/tcggame/4320018,2026-08-23T23:21:21+09:00,개기일식,프싴,,,미기재,1,unknown,뉴마노,guest,,needs_review,수량 표기 감지 · 가격 미기재,개기일식 프싴 1,active,missing,unknown,unknown,needs_review,candidate,seller-692f5cdf182b744af4c60292,뉴마노,15,low,unreviewed,0
tcggame,안팔린거 ㅍㅍ,https://m.dcinside.com/board/tcggame/4320018,2026-08-23T23:21:21+09:00,소환수 셋또,,2.5,25000,만원 단위 추정,1,unknown,뉴마노,guest,,needs_review,"가격 단위 추정, 배송비 포함 여부 미확정",소환수 셋또 2.5,active,estimated,per_card,text,needs_review,candidate,seller-692f5cdf182b744af4c60292,뉴마노,15,low,unreviewed,0
tcggame,여러가지 ㅍㅍ,https://m.dcinside.com/board/tcggame/4320015,2026-08-23T23:14:14+09:00,젠나노츠이나기 히메 울레 장당,,0.2,2000,만원 단위 추정,1,unknown,canival,registered,,needs_review,"가격 단위 추정, 배송비 포함 여부 미확정",젠나노츠이나기 히메 울레 장당 0.2,active,estimated,per_card,text,needs_review,candidate,seller-3b984c4676ed589cf624d9ed,canival,15,low,unreviewed,0
tcggame,여러가지 ㅍㅍ,https://m.dcinside.com/board/tcggame/4320015,2026-08-23T23:14:14+09:00,이펙트 뵐러 신일러,시크,0.5,5000,만원 단위 추정,1,unknown,canival,registered,,needs_review,"가격 단위 추정, 배송비 포함 여부 미확정",이펙트 뵐러 신일러 시크 0.5,active,estimated,per_card,text,needs_review,candidate,seller-3b984c4676ed589cf624d9ed,canival,15,low,unreviewed,0
tcggame,여러가지 ㅍㅍ,https://m.dcinside.com/board/tcggame/4320015,2026-08-23T23:14:14+09:00,엘섀도르 미도라시 구공,시크,0.3,3000,만원 단위 추정,1,unknown,canival,registered,,needs_review,"가격 단위 추정, 배송비 포함 여부 미확정",엘섀도르 미도라시 구공시크 0.3,active,estimated,per_card,text,needs_review,candidate,seller-3b984c4676ed589cf624d9ed,canival,15,low,unreviewed,0
tcggame,여러가지 ㅍㅍ,https://m.dcinside.com/board/tcggame/4320015,2026-08-23T23:14:14+09:00,스프라이트 블루,시크,0.3,3000,만원 단위 추정,1,unknown,canival,registered,,needs_review,"가격 단위 추정, 배송비 포함 여부 미확정",스프라이트 블루 시크 0.3,active,estimated,per_card,text,needs_review,candidate,seller-3b984c4676ed589cf624d9ed,canival,15,low,unreviewed,0
tcggame,여러가지 ㅍㅍ,https://m.dcinside.com/board/tcggame/4320015,2026-08-23T23:14:14+09:00,증식의 g 엑,시크,0.5,5000,만원 단위 추정,1,unknown,canival,registered,,needs_review,"가격 단위 추정, 배송비 포함 여부 미확정",증식의 g 엑싴 0.5,active,estimated,per_card,text,needs_review,candidate,seller-3b984c4676ed589cf624d9ed,canival,15,low,unreviewed,0
tcggame,여러가지 ㅍㅍ,https://m.dcinside.com/board/tcggame/4320015,2026-08-23T23:14:14+09:00,디코드 토커 인티그레이션,오버울,0.1,1000,만원 단위 추정,1,unknown,canival,registered,,needs_review,"가격 단위 추정, 배송비 포함 여부 미확정",디코드 토커 인티그레이션 오버울 0.1,active,estimated,per_card,text,needs_review,candidate,seller-3b984c4676ed589cf624d9ed,canival,15,low,unreviewed,0
tcggame,여러가지 ㅍㅍ,https://m.dcinside.com/board/tcggame/4320015,2026-08-23T23:14:14+09:00,포톤 델타 윙,시크,0.6,6000,만원 단위 추정,1,unknown,canival,registered,,needs_review,"가격 단위 추정, 배송비 포함 여부 미확정",포톤 델타 윙 시크 0.6,active,estimated,per_card,text,needs_review,candidate,seller-3b984c4676ed589cf624d9ed,canival,15,low,unreviewed,0
tcggame,여러가지 ㅍㅍ,https://m.dcinside.com/board/tcggame/4320015,2026-08-23T23:14:14+09:00,섬도희 아마츠 센터카드,,0.5,5000,만원 단위 추정,1,unknown,canival,registered,,needs_review,"가격 단위 추정, 배송비 포함 여부 미확정",섬도희 아마츠 센터카드 0.5,active,estimated,per_card,text,needs_review,candidate,seller-3b984c4676ed589cf624d9ed,canival,15,low,unreviewed,0
tcggame,여러가지 ㅍㅍ,https://m.dcinside.com/board/tcggame/4320015,2026-08-23T23:14:14+09:00,맬리스 도마우스,슈레,0.2,2000,만원 단위 추정,1,unknown,canival,registered,,needs_review,"가격 단위 추정, 배송비 포함 여부 미확정",맬리스 도마우스 슈레 0.2,active,estimated,per_card,text,needs_review,candidate,seller-3b984c4676ed589cf624d9ed,canival,15,low,unreviewed,0
tcggame,여러가지 ㅍㅍ,https://m.dcinside.com/board/tcggame/4320015,2026-08-23T23:14:14+09:00,성상의 마술사 아스트로그래프,오버울,0.1,1000,만원 단위 추정,1,unknown,canival,registered,,needs_review,"가격 단위 추정, 배송비 포함 여부 미확정",성상의 마술사 아스트로그래프 오버울 0.1,active,estimated,per_card,text,needs_review,candidate,seller-3b984c4676ed589cf624d9ed,canival,15,low,unreviewed,0
tcggame,여러가지 ㅍㅍ,https://m.dcinside.com/board/tcggame/4320015,2026-08-23T23:14:14+09:00,페이스 오브 센츄리온,슈레,0.3,3000,만원 단위 추정,1,unknown,canival,registered,,needs_review,"가격 단위 추정, 배송비 포함 여부 미확정",페이스 오브 센츄리온 슈레 0.3,active,estimated,per_card,text,needs_review,candidate,seller-3b984c4676ed589cf624d9ed,canival,15,low,unreviewed,0
tcggame,여러가지 ㅍㅍ,https://m.dcinside.com/board/tcggame/4320015,2026-08-23T23:14:14+09:00,유희왕의날 샤벨댄서 매트,,,,미기재,10,included,canival,registered,2000,needs_review,수량 표기 감지 · 가격 미기재,유희왕의날 샤벨댄서 매트 택포 10,active,missing,unknown,unknown,needs_review,candidate,seller-3b984c4676ed589cf624d9ed,canival,15,low,unreviewed,0
tcggame,덱 소스 팜팜,https://m.dcinside.com/board/tcggame/4320010,2026-08-23T23:02:56+09:00,"죄보 프텍 0.5 (디아벨제 약 , 디아벨스타 약 )",,,,미기재,130,unknown,바니타스,guest,,needs_review,수량 표기 감지 · 가격 미기재,"죄보 프텍 0.5 (디아벨제 약 50매, 디아벨스타 약 80매)",active,missing,unknown,unknown,needs_review,candidate,seller-bb032c44cd0b15ad94e9153b,바니타스,15,low,unreviewed,0
tcggame,덱 소스 팜팜,https://m.dcinside.com/board/tcggame/4320010,2026-08-23T23:02:56+09:00,기타 서플라이,,9,90000,만원 단위 추정,1,unknown,바니타스,guest,,needs_review,배송비 포함 여부 미확정,기타 서플라이 - 9만원,active,estimated,per_card,text,needs_review,candidate,seller-bb032c44cd0b15ad94e9153b,바니타스,15,low,unreviewed,0
tcggame,덱 소스 팜팜,https://m.dcinside.com/board/tcggame/4320010,2026-08-23T23:02:56+09:00,제로,,0.5,5000,만원 단위 추정,1,unknown,바니타스,guest,,needs_review,"가격 단위 추정, 배송비 포함 여부 미확정",제로 0.5,active,estimated,per_card,text,needs_review,candidate,seller-bb032c44cd0b15ad94e9153b,바니타스,15,low,unreviewed,0
tcggame,덱 소스 팜팜,https://m.dcinside.com/board/tcggame/4320010,2026-08-23T23:02:56+09:00,금제 안맞는 숲 완덱,,4.5,45000,만원 단위 추정,1,unknown,바니타스,guest,,needs_review,"배송비 포함 여부 미확정, 묶음·세트 총액 · 개별 카드 가격 아님",금제 안맞는 숲 완덱 - 4.5만원,active,estimated,bundle,text,needs_review,candidate,seller-bb032c44cd0b15ad94e9153b,바니타스,15,low,unreviewed,0
tcggame,덱 소스 팜팜,https://m.dcinside.com/board/tcggame/4320010,2026-08-23T23:02:56+09:00,매트,,,,미기재,2,unknown,바니타스,guest,,needs_review,수량 표기 감지 · 가격 미기재,매트 2,active,missing,unknown,unknown,needs_review,candidate,seller-bb032c44cd0b15ad94e9153b,바니타스,15,low,unreviewed,0
tcggame,덱 소스 팜팜,https://m.dcinside.com/board/tcggame/4320010,2026-08-23T23:02:56+09:00,일괄로,,21,210000,만원 단위 추정,1,included,바니타스,guest,2000,needs_review,"가격 단위 추정, 일괄·세트 가격, 묶음·세트 총액 · 개별 카드 가격 아님",일괄로 택포 21에 팜,active,estimated,bundle,text,needs_review,candidate,seller-bb032c44cd0b15ad94e9153b,바니타스,15,low,unreviewed,0
tcggame,덱 소스 팜팜,https://m.dcinside.com/board/tcggame/4320010,2026-08-23T23:02:56+09:00,리일라 3,,,,미기재,2,unknown,바니타스,guest,,needs_review,수량 표기 감지 · 가격 미기재,리일라 3×2,active,missing,unknown,unknown,needs_review,candidate,seller-bb032c44cd0b15ad94e9153b,바니타스,15,low,unreviewed,0
tcggame,덱 소스 팜팜,https://m.dcinside.com/board/tcggame/4320010,2026-08-23T23:02:56+09:00,퍼핏 소스,,2,20000,만원 단위 추정,1,unknown,바니타스,guest,,needs_review,"배송비 포함 여부 미확정, 묶음·세트 총액 · 개별 카드 가격 아님",퍼핏 소스 - 2만원,active,estimated,bundle,text,needs_review,candidate,seller-bb032c44cd0b15ad94e9153b,바니타스,15,low,unreviewed,0
tcggame,덱 소스 팜팜,https://m.dcinside.com/board/tcggame/4320010,2026-08-23T23:02:56+09:00,블랙 로즈 소스,,1.5,15000,만원 단위 추정,1,unknown,바니타스,guest,,needs_review,"배송비 포함 여부 미확정, 묶음·세트 총액 · 개별 카드 가격 아님",블랙 로즈 소스 - 1.5만원,active,estimated,bundle,text,needs_review,candidate,seller-bb032c44cd0b15ad94e9153b,바니타스,15,low,unreviewed,0
tcggame,덱 소스 팜팜,https://m.dcinside.com/board/tcggame/4320010,2026-08-23T23:02:56+09:00,센츄 소?스,,1,10000,만원 단위 추정,1,unknown,바니타스,guest,,needs_review,배송비 포함 여부 미확정,센츄 소?스 - 1만원,active,estimated,per_card,text,needs_review,candidate,seller-bb032c44cd0b15ad94e9153b,바니타스,15,low,unreviewed,0
tcggame,덱 소스 팜팜,https://m.dcinside.com/board/tcggame/4320010,2026-08-23T23:02:56+09:00,둠즈 소스,,3,30000,만원 단위 추정,1,unknown,바니타스,guest,,needs_review,"배송비 포함 여부 미확정, 묶음·세트 총액 · 개별 카드 가격 아님",둠즈 소스 - 3만원,active,estimated,bundle,text,needs_review,candidate,seller-bb032c44cd0b15ad94e9153b,바니타스,15,low,unreviewed,0
tcggame,레볼부 3통깡 일괄 판매스,https://m.dcinside.com/board/tcggame/4319990,2026-08-23T22:35:33+09:00,다해서 5에 드려요 반택,,0.2,2000,만원 단위 추정,1,unknown,ㅇㅇ,guest,,needs_review,"가격 단위 추정, 배송비 포함 여부 미확정",다해서 5에 드려요 반택 0.2,active,estimated,per_card,text,needs_review,candidate,seller-f086e61a39a561abf324e1e8,ㅇㅇ,15,low,unreviewed,0
tcggame,게볼카드랑 영판 몇개 팝니다.,https://m.dcinside.com/board/tcggame/4319982,2026-08-23T22:25:00+09:00,더스트슛 울레 장당 0.2 스타라이트 장당,,1.5,15000,만원 단위 추정,1,unknown,앙!빙산띠,registered,,needs_review,"가격 단위 추정, 배송비 포함 여부 미확정",더스트슛 울레 장당 0.2 스타라이트 장당1.5,active,estimated,per_card,text,needs_review,candidate,seller-7afbeb385163b160bc0778ac,앙!빙산띠,15,low,unreviewed,0
tcggame,게볼카드랑 영판 몇개 팝니다.,https://m.dcinside.com/board/tcggame/4319982,2026-08-23T22:25:00+09:00,쿠에리타스 플래티넘,시크,0.5,5000,만원 단위 추정,1,unknown,앙!빙산띠,registered,,needs_review,"가격 단위 추정, 배송비 포함 여부 미확정",쿠에리타스 플래티넘시크 0.5,active,estimated,per_card,text,needs_review,candidate,seller-7afbeb385163b160bc0778ac,앙!빙산띠,15,low,unreviewed,0
tcggame,게볼카드랑 영판 몇개 팝니다.,https://m.dcinside.com/board/tcggame/4319982,2026-08-23T22:25:00+09:00,기염 플,시크,0.8,8000,만원 단위 추정,1,unknown,앙!빙산띠,registered,,needs_review,"가격 단위 추정, 배송비 포함 여부 미확정",기염 플싴 0.8,active,estimated,per_card,text,needs_review,candidate,seller-7afbeb385163b160bc0778ac,앙!빙산띠,15,low,unreviewed,0
tcggame,게볼카드랑 영판 몇개 팝니다.,https://m.dcinside.com/board/tcggame/4319982,2026-08-23T22:25:00+09:00,쿠엠 플래티넘,시크,0.7,7000,만원 단위 추정,1,unknown,앙!빙산띠,registered,,needs_review,"가격 단위 추정, 배송비 포함 여부 미확정",쿠엠 플래티넘시크 0.7,active,estimated,per_card,text,needs_review,candidate,seller-7afbeb385163b160bc0778ac,앙!빙산띠,15,low,unreviewed,0
tcggame,게볼카드랑 영판 몇개 팝니다.,https://m.dcinside.com/board/tcggame/4319982,2026-08-23T22:25:00+09:00,삼영의 상검사 영판슈레 0.8 일판,울레,1.5,15000,만원 단위 추정,1,unknown,앙!빙산띠,registered,,needs_review,"가격 단위 추정, 배송비 포함 여부 미확정",삼영의 상검사 영판슈레 0.8 일판 울레 1.5,active,estimated,per_card,text,needs_review,candidate,seller-7afbeb385163b160bc0778ac,앙!빙산띠,15,low,unreviewed,0
tcggame,게볼카드랑 영판 몇개 팝니다.,https://m.dcinside.com/board/tcggame/4319982,2026-08-23T22:25:00+09:00,견신 플래티넘시크 장당 1.0,,2.8,28000,만원 단위 추정,3,unknown,앙!빙산띠,registered,,needs_review,"가격 단위 추정, 수량 표기 감지, 일괄·세트 가격, 배송비 포함 여부 미확정, 묶음·세트 총액 · 개별 카드 가격 아님",견신 플래티넘시크 장당 1.0 3장 일괄 2.8,active,estimated,bundle,text,needs_review,candidate,seller-7afbeb385163b160bc0778ac,앙!빙산띠,15,low,unreviewed,0
tcggame,게볼카드랑 영판 몇개 팝니다.,https://m.dcinside.com/board/tcggame/4319982,2026-08-23T22:25:00+09:00,시편,시크,1.5,15000,만원 단위 추정,3,unknown,앙!빙산띠,registered,,needs_review,"가격 단위 추정, 수량 표기 감지, 일괄·세트 가격, 배송비 포함 여부 미확정, 묶음·세트 총액 · 개별 카드 가격 아님",시편 시크 3장 일괄 1.5,active,estimated,bundle,text,needs_review,candidate,seller-7afbeb385163b160bc0778ac,앙!빙산띠,15,low,unreviewed,0
tcggame,게볼카드랑 영판 몇개 팝니다.,https://m.dcinside.com/board/tcggame/4319982,2026-08-23T22:25:00+09:00,오인체포 영판 울레 당,,0.8,8000,만원 단위 추정,3,unknown,앙!빙산띠,registered,,needs_review,"가격 단위 추정, 수량 표기 감지, 배송비 포함 여부 미확정",오인체포 영판 울레3장당 0.8,active,estimated,per_card,text,needs_review,candidate,seller-7afbeb385163b160bc0778ac,앙!빙산띠,15,low,unreviewed,0
tcggame,게볼카드랑 영판 몇개 팝니다.,https://m.dcinside.com/board/tcggame/4319982,2026-08-23T22:25:00+09:00,psy 프레임 플래티넘,시크,1.5,15000,만원 단위 추정,1,unknown,앙!빙산띠,registered,,needs_review,"가격 단위 추정, 일괄·세트 가격, 배송비 포함 여부 미확정, 묶음·세트 총액 · 개별 카드 가격 아님",psy 프레임 플래티넘시크 세트 1.5,active,estimated,bundle,text,needs_review,candidate,seller-7afbeb385163b160bc0778ac,앙!빙산띠,15,low,unreviewed,0
tcggame,게볼카드랑 영판 몇개 팝니다.,https://m.dcinside.com/board/tcggame/4319982,2026-08-23T22:25:00+09:00,기염,시크,0.5,5000,만원 단위 추정,3,unknown,앙!빙산띠,registered,,needs_review,"가격 단위 추정, 수량 표기 감지, 일괄·세트 가격, 배송비 포함 여부 미확정, 묶음·세트 총액 · 개별 카드 가격 아님",기염 시크 3장 일괄 0.5,active,estimated,bundle,text,needs_review,candidate,seller-7afbeb385163b160bc0778ac,앙!빙산띠,15,low,unreviewed,0
tcggame,게볼카드랑 영판 몇개 팝니다.,https://m.dcinside.com/board/tcggame/4319982,2026-08-23T22:25:00+09:00,앙헬 플싴 장당 1.2,,3.5,35000,만원 단위 추정,3,unknown,앙!빙산띠,registered,,needs_review,"가격 단위 추정, 수량 표기 감지, 배송비 포함 여부 미확정",앙헬 플싴 장당 1.2 3장 3.5,active,estimated,per_card,text,needs_review,candidate,seller-7afbeb385163b160bc0778ac,앙!빙산띠,15,low,unreviewed,0
tcggame,게볼카드랑 영판 몇개 팝니다.,https://m.dcinside.com/board/tcggame/4319982,2026-08-23T22:25:00+09:00,묘지기의각인,시크,4.0,40000,만원 단위 추정,3,unknown,앙!빙산띠,registered,,needs_review,"가격 단위 추정, 수량 표기 감지, 일괄·세트 가격, 배송비 포함 여부 미확정, 묶음·세트 총액 · 개별 카드 가격 아님",묘지기의각인 시크 3장 일괄 4.0,active,estimated,bundle,text,needs_review,candidate,seller-7afbeb385163b160bc0778ac,앙!빙산띠,15,low,unreviewed,0
tcggame,게볼카드랑 영판 몇개 팝니다.,https://m.dcinside.com/board/tcggame/4319982,2026-08-23T22:25:00+09:00,빅웰컴,쿼싴,5.0,50000,만원 단위 추정,3,unknown,앙!빙산띠,registered,,needs_review,"가격 단위 추정, 수량 표기 감지, 일괄·세트 가격, 배송비 포함 여부 미확정, 묶음·세트 총액 · 개별 카드 가격 아님",빅웰컴 쿼싴 3장 일괄 5.0,active,estimated,bundle,text,needs_review,candidate,seller-7afbeb385163b160bc0778ac,앙!빙산띠,15,low,unreviewed,0
tcggame,게볼카드랑 영판 몇개 팝니다.,https://m.dcinside.com/board/tcggame/4319982,2026-08-23T22:25:00+09:00,기염,울레,0.3,3000,만원 단위 추정,3,unknown,앙!빙산띠,registered,,needs_review,"가격 단위 추정, 수량 표기 감지, 일괄·세트 가격, 배송비 포함 여부 미확정, 묶음·세트 총액 · 개별 카드 가격 아님",기염 울레 3장일괄 0.3,active,estimated,bundle,text,needs_review,candidate,seller-7afbeb385163b160bc0778ac,앙!빙산띠,15,low,unreviewed,0
tcggame,게볼카드랑 영판 몇개 팝니다.,https://m.dcinside.com/board/tcggame/4319982,2026-08-23T22:25:00+09:00,드롤 플래티넘,시크,1.5,15000,만원 단위 추정,1,unknown,앙!빙산띠,registered,,needs_review,"가격 단위 추정, 배송비 포함 여부 미확정",드롤 플래티넘시크 1.5,active,estimated,per_card,text,needs_review,candidate,seller-7afbeb385163b160bc0778ac,앙!빙산띠,15,low,unreviewed,0
tcggame,게볼카드랑 영판 몇개 팝니다.,https://m.dcinside.com/board/tcggame/4319982,2026-08-23T22:25:00+09:00,토이펠 시크 장당,,0.8,8000,만원 단위 추정,1,unknown,앙!빙산띠,registered,,needs_review,"가격 단위 추정, 배송비 포함 여부 미확정",토이펠 시크 장당 0.8,active,estimated,per_card,text,needs_review,candidate,seller-7afbeb385163b160bc0778ac,앙!빙산띠,15,low,unreviewed,0
tcggame,게볼카드랑 영판 몇개 팝니다.,https://m.dcinside.com/board/tcggame/4319982,2026-08-23T22:25:00+09:00,우라라 플래티넘,시크,2.0,20000,만원 단위 추정,1,unknown,앙!빙산띠,registered,,needs_review,"가격 단위 추정, 배송비 포함 여부 미확정",우라라 플래티넘시크 2.0,active,estimated,per_card,text,needs_review,candidate,seller-7afbeb385163b160bc0778ac,앙!빙산띠,15,low,unreviewed,0
tcggame,게볼카드랑 영판 몇개 팝니다.,https://m.dcinside.com/board/tcggame/4319982,2026-08-23T22:25:00+09:00,묘지기의 소환사 사선시크 묘지기의 후예 십자,시크,2.5,25000,만원 단위 추정,5,unknown,앙!빙산띠,registered,,needs_review,"가격 단위 추정, 수량 표기 감지, 일괄·세트 가격, 배송비 포함 여부 미확정, 묶음·세트 총액 · 개별 카드 가격 아님",묘지기의 소환사 사선시크 3장 묘지기의 후예 십자시크 2장 일괄 2.5,active,estimated,bundle,text,needs_review,candidate,seller-7afbeb385163b160bc0778ac,앙!빙산띠,15,low,unreviewed,0
tcggame,게볼카드랑 영판 몇개 팝니다.,https://m.dcinside.com/board/tcggame/4319982,2026-08-23T22:25:00+09:00,링크스파이더 쿼싴 장당,,1.0,10000,만원 단위 추정,1,unknown,앙!빙산띠,registered,,needs_review,"가격 단위 추정, 배송비 포함 여부 미확정",링크스파이더 쿼싴 장당 1.0,active,estimated,per_card,text,needs_review,candidate,seller-7afbeb385163b160bc0778ac,앙!빙산띠,15,low,unreviewed,0
tcggame,게볼카드랑 영판 몇개 팝니다.,https://m.dcinside.com/board/tcggame/4319982,2026-08-23T22:25:00+09:00,디바이너 플싴 장당 0.6,,1.5,15000,만원 단위 추정,3,unknown,앙!빙산띠,registered,,needs_review,"가격 단위 추정, 수량 표기 감지, 일괄·세트 가격, 배송비 포함 여부 미확정, 묶음·세트 총액 · 개별 카드 가격 아님",디바이너 플싴 장당 0.6 3장 일괄 1.5,active,estimated,bundle,text,needs_review,candidate,seller-7afbeb385163b160bc0778ac,앙!빙산띠,15,low,unreviewed,0
tcggame,폴른 하프 매트 ㅍ,https://m.dcinside.com/board/tcggame/4319962,2026-08-23T21:59:54+09:00,var safe = (window.dcAd && window.dcAd.safe ==,,1,10000,만원 단위 추정,1,unknown,몽환허광신누메..,registered,,needs_review,"가격 단위 추정, 복수 카드 가격, 배송비 포함 여부 미확정, 묶음·세트 총액 · 개별 카드 가격 아님, 스크립트·광고 문구로 추정되는 오염 행",var safe = (window.dcAd && window.dcAd.safe == 1),active,estimated,bundle,text,excluded,candidate,seller-8314fd6cc6fb6f5a479d4a25,몽환허광신누메..,15,low,unreviewed,0
tcggame,조율 25시크 팔아요,https://m.dcinside.com/board/tcggame/4319969,2026-08-23T22:11:04+09:00,cu반택포,,4.7,47000,만원 단위 추정,1,included,ㅇㅇ,guest,2000,needs_review,가격 단위 추정,cu반택포 4.7에ㅍㅍ,active,estimated,per_card,text,needs_review,candidate,seller-28aa12172bc042c0c18415c2,ㅇㅇ,15,low,unreviewed,0
tcggame,링크브레인즈 프로텍터 구매합니다 (완료),https://m.dcinside.com/board/tcggame/4319957,2026-08-23T21:53:16+09:00,개당,,0.4,4000,만원 단위 추정,1,unknown,착한선,registered,,needs_review,"가격 단위 추정, 배송비 포함 여부 미확정, 스크립트·광고 문구로 추정되는 오염 행",개당 0.4에 2개정도 구해봅니다 연락주십쇼,active,estimated,per_card,text,excluded,candidate,seller-06af26668cc0b1bdfef044d6,착한선,30,medium,unreviewed,0
tcggame,눈꽃 프로텍터 등 프로텍터 몇 개 판매합니다,https://m.dcinside.com/board/tcggame/4319948,2026-08-23T21:49:08+09:00,눈꽃 프텍 사용품(뒷면 흰색),,6.0,60000,만원 단위 추정,70,unknown,착한선,registered,,needs_review,"가격 단위 추정, 수량 표기 감지, 배송비 포함 여부 미확정, 복수 수량 총액 · 카드 1장 가격 아님",눈꽃 프텍 70매 사용품(뒷면 흰색) - 6.0,active,estimated,per_quantity,text,needs_review,candidate,seller-06af26668cc0b1bdfef044d6,착한선,30,medium,unreviewed,0
tcggame,눈꽃 프로텍터 등 프로텍터 몇 개 판매합니다,https://m.dcinside.com/board/tcggame/4319948,2026-08-23T21:49:08+09:00,모카 프텍 1회 사용품(뒷면 검은색),,4.5,45000,만원 단위 추정,100,unknown,착한선,registered,,needs_review,"가격 단위 추정, 수량 표기 감지, 배송비 포함 여부 미확정, 복수 수량 총액 · 카드 1장 가격 아님",모카 프텍 100매 1회 사용품(뒷면 검은색) - 4.5,active,estimated,per_quantity,text,needs_review,candidate,seller-06af26668cc0b1bdfef044d6,착한선,30,medium,unreviewed,0
tcggame,눈꽃 프로텍터 등 프로텍터 몇 개 판매합니다,https://m.dcinside.com/board/tcggame/4319948,2026-08-23T21:49:08+09:00,천년퍼즐 프텍 1회 사용품(뒷면 금색),,1.0,10000,만원 단위 추정,55,unknown,착한선,registered,,needs_review,"가격 단위 추정, 수량 표기 감지, 배송비 포함 여부 미확정, 복수 수량 총액 · 카드 1장 가격 아님",천년퍼즐 프텍 55매 1회 사용품(뒷면 금색) - 1.0,active,estimated,per_quantity,text,needs_review,candidate,seller-06af26668cc0b1bdfef044d6,착한선,30,medium,unreviewed,0
tcggame,눈꽃 프로텍터 등 프로텍터 몇 개 판매합니다,https://m.dcinside.com/board/tcggame/4319948,2026-08-23T21:49:08+09:00,연락주세요! 시,,10.0,100000,만원 단위 추정,1,unknown,착한선,registered,,needs_review,"가격 단위 추정, 일괄·세트 가격, 배송비 포함 여부 미확정, 묶음·세트 총액 · 개별 카드 가격 아님",연락주세요! 일괄 시 10.0입니다,active,estimated,bundle,text,needs_review,candidate,seller-06af26668cc0b1bdfef044d6,착한선,30,medium,unreviewed,0
tcggame,삼환마 오버프레임 삽니다,https://m.dcinside.com/board/tcggame/4319939,2026-08-23T21:38:24+09:00,삼환마 오버프레임,,,,미기재,1,unknown,대탱구,registered,,needs_review,희망가 미기재,삼환마 오버프레임 삽니다,active,missing,unknown,unknown,needs_review,candidate,seller-5e1310c7b3056c862f04f472,대탱구,15,low,unreviewed,0
tcggame,잡상인 왔다 사라,https://m.dcinside.com/board/tcggame/4319938,2026-08-23T21:37:53+09:00,멜리스매트,,,,미기재,4,unknown,어우처와,guest,,needs_review,수량 표기 감지 · 가격 미기재,멜리스매트4,active,missing,unknown,unknown,needs_review,candidate,seller-a932ba8ec5bebbab3f7425ec,어우처와,15,low,unreviewed,0
tcggame,잡상인 왔다 사라,https://m.dcinside.com/board/tcggame/4319938,2026-08-23T21:37:53+09:00,어프렌,,1.5,15000,만원 단위 추정,1,unknown,어우처와,guest,,needs_review,"가격 단위 추정, 배송비 포함 여부 미확정",어프렌 1.5,active,estimated,per_card,text,needs_review,candidate,seller-a932ba8ec5bebbab3f7425ec,어우처와,15,low,unreviewed,0
tcggame,잡상인 왔다 사라,https://m.dcinside.com/board/tcggame/4319938,2026-08-23T21:37:53+09:00,트라게고,레어,7.5,75000,만원 단위 추정,1,unknown,어우처와,guest,,needs_review,"가격 단위 추정, 배송비 포함 여부 미확정",트라게고레어7.5,active,estimated,per_card,text,needs_review,candidate,seller-a932ba8ec5bebbab3f7425ec,어우처와,15,low,unreviewed,0
tcggame,잡상인 왔다 사라,https://m.dcinside.com/board/tcggame/4319938,2026-08-23T21:37:53+09:00,블매걸과 잡카세트로,,4.5,45000,만원 단위 추정,1,unknown,어우처와,guest,,needs_review,"가격 단위 추정, 일괄·세트 가격, 배송비 포함 여부 미확정, 묶음·세트 총액 · 개별 카드 가격 아님",블매걸과 잡카세트로 4.5,active,estimated,bundle,text,needs_review,candidate,seller-a932ba8ec5bebbab3f7425ec,어우처와,15,low,unreviewed,0
tcggame,잡상인 왔다 사라,https://m.dcinside.com/board/tcggame/4319938,2026-08-23T21:37:53+09:00,롱기,,3.0,30000,만원 단위 추정,1,unknown,어우처와,guest,,needs_review,"가격 단위 추정, 배송비 포함 여부 미확정",롱기3.0,active,estimated,per_card,text,needs_review,candidate,seller-a932ba8ec5bebbab3f7425ec,어우처와,15,low,unreviewed,0
tcggame,아르테미스 스카이 2장 삽니다,https://m.dcinside.com/board/tcggame/4319913,2026-08-23T21:22:46+09:00,저레어 준등포,,2.5,25000,만원 단위 추정,2,unknown,랄왜이,registered,,needs_review,"가격 단위 추정, 수량 표기 감지, 일괄·세트 가격, 배송비 포함 여부 미확정, 묶음·세트 총액 · 개별 카드 가격 아님",저레어 2장 일괄 준등포 2.5에 구해봄,active,estimated,bundle,text,needs_review,candidate,seller-61817441be5c7b5c36654344,랄왜이,15,low,unreviewed,0
tcggame,로봇 똥파리,https://m.dcinside.com/board/tcggame/4319911,2026-08-23T21:20:17+09:00,SR 타케톰 보그 준포 ㅍㅇ,,,,미기재,1,unknown,Nanohan..,guest,,needs_review,수량 표기 감지 · 가격 미기재,SR 타케톰 보그 준포1 ㅍㅇ,active,missing,unknown,unknown,needs_review,candidate,seller-e066e96880bc432f64fd64a8,Nanohan..,15,low,unreviewed,0
tcggame,결국 찢어져버린 금궤흑인,https://m.dcinside.com/board/tcggame/4319897,2026-08-23T21:07:37+09:00,흑커튼 장당 4 ( 남음),,,,미기재,1,unknown,전대대실격,registered,,needs_review,수량 표기 감지 · 가격 미기재,흑커튼 장당 4 (1장남음),active,missing,unknown,unknown,needs_review,candidate,seller-e7d9d0b3c78fab7292767044,전대대실격,30,medium,unreviewed,0
tcggame,결국 찢어져버린 금궤흑인,https://m.dcinside.com/board/tcggame/4319897,2026-08-23T21:07:37+09:00,var safe = (window.dcAd && window.dcAd.safe ==,,1,10000,만원 단위 추정,1,unknown,전대대실격,registered,,needs_review,"가격 단위 추정, 복수 카드 가격, 배송비 포함 여부 미확정, 묶음·세트 총액 · 개별 카드 가격 아님, 스크립트·광고 문구로 추정되는 오염 행",var safe = (window.dcAd && window.dcAd.safe == 1),active,estimated,bundle,text,excluded,candidate,seller-e7d9d0b3c78fab7292767044,전대대실격,30,medium,unreviewed,0
tcggame,결국 찢어져버린 금궤흑인,https://m.dcinside.com/board/tcggame/4319897,2026-08-23T21:07:37+09:00,왕블매,,3,30000,만원 단위 추정,1,unknown,전대대실격,registered,,needs_review,"가격 단위 추정, 배송비 포함 여부 미확정",왕블매 3,active,estimated,per_card,text,needs_review,candidate,seller-e7d9d0b3c78fab7292767044,전대대실격,30,medium,unreviewed,0
tcggame,결국 찢어져버린 금궤흑인,https://m.dcinside.com/board/tcggame/4319897,2026-08-23T21:07:37+09:00,가격책정한건 저렇고 책정안된것들 필요하면 카킹가,,0.7,7000,만원 단위 추정,1,unknown,전대대실격,registered,,needs_review,"가격 단위 추정, 배송비 포함 여부 미확정",가격책정한건 저렇고 책정안된것들 필요하면 카킹가 0.7에 ㅍㅍ,active,estimated,per_card,text,needs_review,candidate,seller-e7d9d0b3c78fab7292767044,전대대실격,30,medium,unreviewed,0
tcggame,결국 찢어져버린 금궤흑인,https://m.dcinside.com/board/tcggame/4319897,2026-08-23T21:07:37+09:00,마도진,,1.5,15000,만원 단위 추정,1,unknown,전대대실격,registered,,needs_review,"가격 단위 추정, 배송비 포함 여부 미확정",마도진 1.5,active,estimated,per_card,text,needs_review,candidate,seller-e7d9d0b3c78fab7292767044,전대대실격,30,medium,unreviewed,0
tcggame,킬러튠 로터리 일판 프싴 구함,https://m.dcinside.com/board/tcggame/4319888,2026-08-23T20:59:48+09:00,메루카리에서 2천엔 정도여서,,2.0,20000,만원 단위 추정,1,unknown,ㅇ1234ㅇ,registered,,needs_review,"가격 단위 추정, 배송비 포함 여부 미확정",메루카리에서 2천엔 정도여서 2.0에 사봄,active,estimated,per_card,text,needs_review,candidate,seller-65a134a79c2b7ad979a423c4,ㅇ1234ㅇ,15,low,unreviewed,0
tcggame,"섬도희 제로,임펄스 노말셋,마스카 쿼싴,라스톰 쿼싴등 ㅍㅍ",https://m.dcinside.com/board/tcggame/4319885,2026-08-23T20:55:38+09:00,티 폰,얼티,0.2,2000,만원 단위 추정,1,unknown,초량기신왕가오..,registered,,needs_review,"가격 단위 추정, 배송비 포함 여부 미확정",티 폰 얼티 0.2,active,estimated,per_card,text,needs_review,candidate,seller-eb946b6bf5147a32dc5e4804,초량기신왕가오..,15,low,unreviewed,0
tcggame,"섬도희 제로,임펄스 노말셋,마스카 쿼싴,라스톰 쿼싴등 ㅍㅍ",https://m.dcinside.com/board/tcggame/4319885,2026-08-23T20:55:38+09:00,도도도도,시크,0.4,4000,만원 단위 추정,1,unknown,초량기신왕가오..,registered,,needs_review,"가격 단위 추정, 배송비 포함 여부 미확정",도도도도 싴 0.4,active,estimated,per_card,text,needs_review,candidate,seller-eb946b6bf5147a32dc5e4804,초량기신왕가오..,15,low,unreviewed,0
tcggame,"섬도희 제로,임펄스 노말셋,마스카 쿼싴,라스톰 쿼싴등 ㅍㅍ",https://m.dcinside.com/board/tcggame/4319885,2026-08-23T20:55:38+09:00,라스톰,,1.2,12000,만원 단위 추정,1,unknown,초량기신왕가오..,registered,,needs_review,"가격 단위 추정, 배송비 포함 여부 미확정",라스톰 1.2,active,estimated,per_card,text,needs_review,candidate,seller-eb946b6bf5147a32dc5e4804,초량기신왕가오..,15,low,unreviewed,0
tcggame,"섬도희 제로,임펄스 노말셋,마스카 쿼싴,라스톰 쿼싴등 ㅍㅍ",https://m.dcinside.com/board/tcggame/4319885,2026-08-23T20:55:38+09:00,파라,,0.6,6000,만원 단위 추정,1,unknown,초량기신왕가오..,registered,,needs_review,"가격 단위 추정, 배송비 포함 여부 미확정",파라 0.6,active,estimated,per_card,text,needs_review,candidate,seller-eb946b6bf5147a32dc5e4804,초량기신왕가오..,15,low,unreviewed,0
tcggame,할머니랑 발푸 프싴 ㅍㅍ,https://m.dcinside.com/board/tcggame/4319882,2026-08-23T20:52:49+09:00,할머니,,8.0,80000,만원 단위 추정,1,unknown,어잊이,guest,,needs_review,"가격 단위 추정, 일괄·세트 가격, 배송비 포함 여부 미확정, 묶음·세트 총액 · 개별 카드 가격 아님",할머니 세트 8.0,active,estimated,bundle,text,needs_review,candidate,seller-ae3bd2be42b4655eeafac8b0,어잊이,15,low,unreviewed,0
tcggame,"섬도희 제로,임펄스 노말셋,마스카 쿼싴,라스톰 쿼싴등 ㅍㅍ",https://m.dcinside.com/board/tcggame/4319885,2026-08-23T20:55:38+09:00,스타 라이제올,,0.3,3000,만원 단위 추정,1,unknown,초량기신왕가오..,registered,,needs_review,"가격 단위 추정, 배송비 포함 여부 미확정",스타 라이제올 0.3,active,estimated,per_card,text,needs_review,candidate,seller-eb946b6bf5147a32dc5e4804,초량기신왕가오..,15,low,unreviewed,0
tcggame,"섬도희 제로,임펄스 노말셋,마스카 쿼싴,라스톰 쿼싴등 ㅍㅍ",https://m.dcinside.com/board/tcggame/4319885,2026-08-23T20:55:38+09:00,마스카,,1.3,13000,만원 단위 추정,1,unknown,초량기신왕가오..,registered,,needs_review,"가격 단위 추정, 배송비 포함 여부 미확정",마스카 1.3,active,estimated,per_card,text,needs_review,candidate,seller-eb946b6bf5147a32dc5e4804,초량기신왕가오..,15,low,unreviewed,0
tcggame,할머니랑 발푸 프싴 ㅍㅍ,https://m.dcinside.com/board/tcggame/4319882,2026-08-23T20:52:49+09:00,목차,시크,0.5,5000,만원 단위 추정,1,unknown,어잊이,guest,,needs_review,"가격 단위 추정, 배송비 포함 여부 미확정",목차 시크 0.5,active,estimated,per_card,text,needs_review,candidate,seller-ae3bd2be42b4655eeafac8b0,어잊이,15,low,unreviewed,0
tcggame,할머니랑 발푸 프싴 ㅍㅍ,https://m.dcinside.com/board/tcggame/4319882,2026-08-23T20:52:49+09:00,발푸,프싴,4.0,40000,만원 단위 추정,1,unknown,어잊이,guest,,needs_review,"가격 단위 추정, 배송비 포함 여부 미확정",발푸 프싴 4.0,active,estimated,per_card,text,needs_review,candidate,seller-ae3bd2be42b4655eeafac8b0,어잊이,15,low,unreviewed,0
tcggame,"섬도희 제로,임펄스 노말셋,마스카 쿼싴,라스톰 쿼싴등 ㅍㅍ",https://m.dcinside.com/board/tcggame/4319885,2026-08-23T20:55:38+09:00,백낙윤,,0.6,6000,만원 단위 추정,1,unknown,초량기신왕가오..,registered,,needs_review,"가격 단위 추정, 배송비 포함 여부 미확정",백낙윤 0.6,active,estimated,per_card,text,needs_review,candidate,seller-eb946b6bf5147a32dc5e4804,초량기신왕가오..,15,low,unreviewed,0
tcggame,"섬도희 제로,임펄스 노말셋,마스카 쿼싴,라스톰 쿼싴등 ㅍㅍ",https://m.dcinside.com/board/tcggame/4319885,2026-08-23T20:55:38+09:00,블랙카오스,시크,0.5,5000,만원 단위 추정,1,unknown,초량기신왕가오..,registered,,needs_review,"가격 단위 추정, 배송비 포함 여부 미확정",블랙카오스 시크 0.5,active,estimated,per_card,text,needs_review,candidate,seller-eb946b6bf5147a32dc5e4804,초량기신왕가오..,15,low,unreviewed,0
tcggame,"섬도희 제로,임펄스 노말셋,마스카 쿼싴,라스톰 쿼싴등 ㅍㅍ",https://m.dcinside.com/board/tcggame/4319885,2026-08-23T20:55:38+09:00,제로,,1.2,12000,만원 단위 추정,1,unknown,초량기신왕가오..,registered,,needs_review,"가격 단위 추정, 배송비 포함 여부 미확정",제로 1.2,active,estimated,per_card,text,needs_review,candidate,seller-eb946b6bf5147a32dc5e4804,초량기신왕가오..,15,low,unreviewed,0
tcggame,"섬도희 제로,임펄스 노말셋,마스카 쿼싴,라스톰 쿼싴등 ㅍㅍ",https://m.dcinside.com/board/tcggame/4319885,2026-08-23T20:55:38+09:00,니비루 신일,시크,1.0,10000,만원 단위 추정,1,unknown,초량기신왕가오..,registered,,needs_review,"가격 단위 추정, 배송비 포함 여부 미확정",니비루 신일싴 1.0,active,estimated,per_card,text,needs_review,candidate,seller-eb946b6bf5147a32dc5e4804,초량기신왕가오..,15,low,unreviewed,0
tcggame,"섬도희 제로,임펄스 노말셋,마스카 쿼싴,라스톰 쿼싴등 ㅍㅍ",https://m.dcinside.com/board/tcggame/4319885,2026-08-23T20:55:38+09:00,임펄스셋,,1.2,12000,만원 단위 추정,1,unknown,초량기신왕가오..,registered,,needs_review,"가격 단위 추정, 배송비 포함 여부 미확정",임펄스셋 1.2,active,estimated,per_card,text,needs_review,candidate,seller-eb946b6bf5147a32dc5e4804,초량기신왕가오..,15,low,unreviewed,0
tcggame,할머니랑 발푸 프싴 ㅍㅍ,https://m.dcinside.com/board/tcggame/4319882,2026-08-23T20:52:49+09:00,var safe = (window.dcAd && window.dcAd.safe ==,,1,10000,만원 단위 추정,1,unknown,어잊이,guest,,needs_review,"가격 단위 추정, 복수 카드 가격, 배송비 포함 여부 미확정, 묶음·세트 총액 · 개별 카드 가격 아님, 스크립트·광고 문구로 추정되는 오염 행",var safe = (window.dcAd && window.dcAd.safe == 1),active,estimated,bundle,text,excluded,candidate,seller-ae3bd2be42b4655eeafac8b0,어잊이,15,low,unreviewed,0
tcggame,준등포 6.5ㅍㅍ,https://m.dcinside.com/board/tcggame/4319871,2026-08-23T20:45:52+09:00,var safe = (window.dcAd && window.dcAd.safe ==,,1,10000,만원 단위 추정,1,unknown,ㅇㅇ,guest,,needs_review,"가격 단위 추정, 복수 카드 가격, 배송비 포함 여부 미확정, 묶음·세트 총액 · 개별 카드 가격 아님, 스크립트·광고 문구로 추정되는 오염 행",var safe = (window.dcAd && window.dcAd.safe == 1),active,estimated,bundle,text,excluded,candidate,seller-b293ffd12f19bd75b73d1f6c,ㅇㅇ,15,low,unreviewed,0
tcggame,준등포 6.5ㅍㅍ,https://m.dcinside.com/board/tcggame/4319871,2026-08-23T20:45:52+09:00,싸다싸 하르모,시크,1,10000,만원 단위 추정,1,unknown,ㅇㅇ,guest,,needs_review,"레어도별 가격 분리, 가격 단위 추정, 배송비 포함 여부 미확정",싸다싸 하르모 얼1 싴 1,active,estimated,per_card,text,needs_review,candidate,seller-b293ffd12f19bd75b73d1f6c,ㅇㅇ,15,low,unreviewed,0
tcggame,준등포 6.5ㅍㅍ,https://m.dcinside.com/board/tcggame/4319871,2026-08-23T20:45:52+09:00,싸다싸 하르모,얼티,1,10000,만원 단위 추정,1,unknown,ㅇㅇ,guest,,needs_review,"레어도별 가격 분리, 가격 단위 추정, 배송비 포함 여부 미확정",싸다싸 하르모 얼1 싴 1,active,estimated,per_card,text,needs_review,candidate,seller-b293ffd12f19bd75b73d1f6c,ㅇㅇ,15,low,unreviewed,0
tcggame,내일 우체국가기 전까지 태만 3장 판다이온,https://m.dcinside.com/board/tcggame/4319863,2026-08-23T20:38:46+09:00,그것은 갱신할 타이밍을 놓친 일판 떠허 얼티 이야..,,,,미기재,3,unknown,ㅇㅇ,guest,,needs_review,수량 표기 감지 · 가격 미기재,그것은 갱신할 타이밍을 놓친 일판 떠허 얼티 3장이야..,active,missing,unknown,unknown,needs_review,candidate,seller-dab616e607df18cdff9404e1,ㅇㅇ,15,low,unreviewed,0
tcggame,내일 우체국가기 전까지 태만 3장 판다이온,https://m.dcinside.com/board/tcggame/4319863,2026-08-23T20:38:46+09:00,글판 태만의 항아리 얼티도 까지 장당,,2.0,20000,만원 단위 추정,3,unknown,ㅇㅇ,guest,,needs_review,"가격 단위 추정, 수량 표기 감지, 배송비 포함 여부 미확정",글판 태만의 항아리 얼티도 3장까지 장당 2.0에 ㅅㅅ,active,estimated,per_card,text,needs_review,candidate,seller-dab616e607df18cdff9404e1,ㅇㅇ,15,low,unreviewed,0
tcggame,내일 우체국가기 전까지 태만 3장 판다이온,https://m.dcinside.com/board/tcggame/4319863,2026-08-23T20:38:46+09:00,,,5.0,50000,만원 단위 추정,1,unknown,ㅇㅇ,guest,,needs_review,"가격 단위 추정, 일괄·세트 가격, 배송비 포함 여부 미확정, 카드명 확인 필요, 묶음·세트 총액 · 개별 카드 가격 아님",일괄 5.0에 파라봄.,active,estimated,bundle,text,needs_review,unmatched,seller-dab616e607df18cdff9404e1,ㅇㅇ,15,low,unreviewed,0
tcggame,밑에 블랙카오스 살 사람 내 카솔도 같이 사주라,https://m.dcinside.com/board/tcggame/4319845,2026-08-23T20:18:48+09:00,var safe = (window.dcAd && window.dcAd.safe ==,,1,10000,만원 단위 추정,1,unknown,마그나무트,registered,,needs_review,"가격 단위 추정, 복수 카드 가격, 배송비 포함 여부 미확정, 묶음·세트 총액 · 개별 카드 가격 아님, 스크립트·광고 문구로 추정되는 오염 행",var safe = (window.dcAd && window.dcAd.safe == 1),active,estimated,bundle,text,excluded,candidate,seller-96c9005305f7bcfb8212447c,마그나무트,15,low,unreviewed,0
tcggame,오늘도 파는 그거,https://m.dcinside.com/board/tcggame/4319834,2026-08-23T20:11:45+09:00,var safe = (window.dcAd && window.dcAd.safe ==,,1,10000,만원 단위 추정,1,unknown,고양아애옹해봐..,registered,,needs_review,"가격 단위 추정, 복수 카드 가격, 배송비 포함 여부 미확정, 묶음·세트 총액 · 개별 카드 가격 아님, 스크립트·광고 문구로 추정되는 오염 행",var safe = (window.dcAd && window.dcAd.safe == 1),active,estimated,bundle,text,excluded,candidate,seller-fa3d800cdbc825ee8ec2f6ac,고양아애옹해봐..,15,low,unreviewed,0
tcggame,데먼스미스 라크리모사 울페레 산다이온,https://m.dcinside.com/board/tcggame/4319831,2026-08-23T20:10:42+09:00,라크리모사 울페레,,1.0,10000,만원 단위 추정,1,unknown,ㅇㅇ,guest,,needs_review,"가격 단위 추정, 배송비 포함 여부 미확정",라크리모사 울페레 1.0에 산다이온..,active,estimated,per_card,text,needs_review,candidate,seller-1ef8bc4f4e29b5284789e765,ㅇㅇ,15,low,unreviewed,0
tcggame,잡 프싴들이랑 잡카 몇개 일괄로 털어봄 ㅍㅇ,https://m.dcinside.com/board/tcggame/4319826,2026-08-23T20:06:33+09:00,,,1.5,15000,만원 단위 추정,1,unknown,미소녀발바닥,guest,,needs_review,"가격 단위 추정, 일괄·세트 가격, 배송비 포함 여부 미확정, 카드명 확인 필요, 묶음·세트 총액 · 개별 카드 가격 아님",일괄 1.5에 팔아봄 사다오...,active,estimated,bundle,text,needs_review,unmatched,seller-244b82b16ba80dcce4d551ba,미소녀발바닥,15,low,unreviewed,0
tcggame,커튼그마 24번 ㅍㅍ,https://m.dcinside.com/board/tcggame/4319823,2026-08-23T20:05:10+09:00,var safe = (window.dcAd && window.dcAd.safe ==,,1,10000,만원 단위 추정,1,unknown,HmmTere..,registered,,needs_review,"가격 단위 추정, 복수 카드 가격, 배송비 포함 여부 미확정, 묶음·세트 총액 · 개별 카드 가격 아님, 스크립트·광고 문구로 추정되는 오염 행",var safe = (window.dcAd && window.dcAd.safe == 1),active,estimated,bundle,text,excluded,candidate,seller-882a764d3070520691a6d752,HmmTere..,15,low,unreviewed,0
tcggame,디드라군 프싴구함,https://m.dcinside.com/board/tcggame/4319792,2026-08-23T19:36:34+09:00,준등포,,2.5,25000,만원 단위 추정,1,unknown,메이저리티맥락,registered,,needs_review,"가격 단위 추정, 배송비 포함 여부 미확정, 스크립트·광고 문구로 추정되는 오염 행",준등포 2.5에 구함,active,estimated,per_card,text,excluded,candidate,seller-583621181936a48301eb2d3c,메이저리티맥락,45,medium,unreviewed,0
tcggame,오늘도 올린다 크클(사이드X),https://m.dcinside.com/board/tcggame/4319817,2026-08-23T20:00:58+09:00,var safe = (window.dcAd && window.dcAd.safe ==,,1,10000,만원 단위 추정,1,unknown,두둥,guest,,needs_review,"가격 단위 추정, 복수 카드 가격, 배송비 포함 여부 미확정, 묶음·세트 총액 · 개별 카드 가격 아님, 스크립트·광고 문구로 추정되는 오염 행",var safe = (window.dcAd && window.dcAd.safe == 1),active,estimated,bundle,text,excluded,candidate,seller-61f0856f52d69b8412df162d,두둥,15,low,unreviewed,0
tcggame,잡다한소스 ㅍㅍ,https://m.dcinside.com/board/tcggame/4319779,2026-08-23T19:23:22+09:00,맬 미완.,,,,미기재,5,unknown,강인!무적!최..,guest,,needs_review,수량 표기 감지 · 가격 미기재,맬 미완.5,active,missing,unknown,unknown,needs_review,candidate,seller-c79dab912b645fc65e39ace0,강인!무적!최..,15,low,unreviewed,0
tcggame,잡다한소스 ㅍㅍ,https://m.dcinside.com/board/tcggame/4319779,2026-08-23T19:23:22+09:00,떼노 .,,,,미기재,5,unknown,강인!무적!최..,guest,,needs_review,수량 표기 감지 · 가격 미기재,떼노 .5,active,missing,unknown,unknown,needs_review,candidate,seller-c79dab912b645fc65e39ace0,강인!무적!최..,15,low,unreviewed,0
tcggame,잡다한소스 ㅍㅍ,https://m.dcinside.com/board/tcggame/4319779,2026-08-23T19:23:22+09:00,리제네 .,,,,미기재,3,unknown,강인!무적!최..,guest,,needs_review,수량 표기 감지 · 가격 미기재,리제네 .3,active,missing,unknown,unknown,needs_review,candidate,seller-c79dab912b645fc65e39ace0,강인!무적!최..,15,low,unreviewed,0
tcggame,잡다한소스 ㅍㅍ,https://m.dcinside.com/board/tcggame/4319779,2026-08-23T19:23:22+09:00,ABC.,,,,미기재,3,unknown,강인!무적!최..,guest,,needs_review,수량 표기 감지 · 가격 미기재,ABC.3,active,missing,unknown,unknown,needs_review,candidate,seller-c79dab912b645fc65e39ace0,강인!무적!최..,15,low,unreviewed,0
tcggame,잡다한소스 ㅍㅍ,https://m.dcinside.com/board/tcggame/4319779,2026-08-23T19:23:22+09:00,고티.,,,,미기재,3,unknown,강인!무적!최..,guest,,needs_review,수량 표기 감지 · 가격 미기재,고티.3,active,missing,unknown,unknown,needs_review,candidate,seller-c79dab912b645fc65e39ace0,강인!무적!최..,15,low,unreviewed,0
tcggame,많이 모자란 바렛 소스 ㅍㅍ(ㅍㅇ),https://m.dcinside.com/board/tcggame/4319782,2026-08-23T19:27:28+09:00,준등포,,0.5,5000,만원 단위 추정,1,unknown,4레벨몬스터가..,registered,,needs_review,"가격 단위 추정, 일괄·세트 가격, 배송비 포함 여부 미확정, 묶음·세트 총액 · 개별 카드 가격 아님, 스크립트·광고 문구로 추정되는 오염 행",일괄 준등포 0.5,active,estimated,bundle,text,excluded,candidate,seller-5b5d66d58c58bf0c8c101ccd,4레벨몬스터가..,15,low,unreviewed,0
tcggame,잡다한소스 ㅍㅍ,https://m.dcinside.com/board/tcggame/4319779,2026-08-23T19:23:22+09:00,리시드 자투리 .,,,,미기재,3,unknown,강인!무적!최..,guest,,needs_review,수량 표기 감지 · 가격 미기재,리시드 자투리 .3,active,missing,unknown,unknown,needs_review,candidate,seller-c79dab912b645fc65e39ace0,강인!무적!최..,15,low,unreviewed,0
tcggame,많이 모자란 바렛 소스 ㅍㅍ(ㅍㅇ),https://m.dcinside.com/board/tcggame/4319782,2026-08-23T19:27:28+09:00,var safe = (window.dcAd && window.dcAd.safe ==,,1,10000,만원 단위 추정,1,unknown,4레벨몬스터가..,registered,,needs_review,"가격 단위 추정, 복수 카드 가격, 배송비 포함 여부 미확정, 묶음·세트 총액 · 개별 카드 가격 아님, 스크립트·광고 문구로 추정되는 오염 행",var safe = (window.dcAd && window.dcAd.safe == 1),active,estimated,bundle,text,excluded,candidate,seller-5b5d66d58c58bf0c8c101ccd,4레벨몬스터가..,15,low,unreviewed,0
tcggame,"우라라 신일싴, 드롤등 한판범용 ㅍㅍ",https://m.dcinside.com/board/tcggame/4319763,2026-08-23T19:04:34+09:00,증지,시크,0.2,2000,만원 단위 추정,1,unknown,림창,registered,,needs_review,"가격 단위 추정, 배송비 포함 여부 미확정",증지 싴 0.2,active,estimated,per_card,text,needs_review,candidate,seller-5847204862709f86f41534dc,림창,30,medium,unreviewed,0
tcggame,"우라라 신일싴, 드롤등 한판범용 ㅍㅍ",https://m.dcinside.com/board/tcggame/4319763,2026-08-23T19:04:34+09:00,소울드레인 하자있음,,0.7,7000,만원 단위 추정,2,unknown,림창,registered,,needs_review,"가격 단위 추정, 수량 표기 감지, 배송비 포함 여부 미확정, 복수 수량 총액 · 카드 1장 가격 아님",소울드레인 2장 하자있음 0.7,active,estimated,per_quantity,text,needs_review,candidate,seller-5847204862709f86f41534dc,림창,30,medium,unreviewed,0
tcggame,"우라라 신일싴, 드롤등 한판범용 ㅍㅍ",https://m.dcinside.com/board/tcggame/4319763,2026-08-23T19:04:34+09:00,롱기 싴 1,,,,미기재,3,unknown,림창,registered,,needs_review,수량 표기 감지 · 가격 미기재,롱기 싴 3장 1,active,missing,unknown,unknown,needs_review,candidate,seller-5847204862709f86f41534dc,림창,30,medium,unreviewed,0
tcggame,"우라라 신일싴, 드롤등 한판범용 ㅍㅍ",https://m.dcinside.com/board/tcggame/4319763,2026-08-23T19:04:34+09:00,드롤 슈 장당,,0.3,3000,만원 단위 추정,1,unknown,림창,registered,,needs_review,"가격 단위 추정, 배송비 포함 여부 미확정",드롤 슈 장당 0.3,active,estimated,per_card,text,needs_review,candidate,seller-5847204862709f86f41534dc,림창,30,medium,unreviewed,0
tcggame,"우라라 신일싴, 드롤등 한판범용 ㅍㅍ",https://m.dcinside.com/board/tcggame/4319763,2026-08-23T19:04:34+09:00,라스톰,시크,0.4,4000,만원 단위 추정,3,unknown,림창,registered,,needs_review,"가격 단위 추정, 수량 표기 감지, 배송비 포함 여부 미확정, 복수 수량 총액 · 카드 1장 가격 아님",라스톰 싴 3장 0.4,active,estimated,per_quantity,text,needs_review,candidate,seller-5847204862709f86f41534dc,림창,30,medium,unreviewed,0
tcggame,"우라라 신일싴, 드롤등 한판범용 ㅍㅍ",https://m.dcinside.com/board/tcggame/4319763,2026-08-23T19:04:34+09:00,우라라 신일,시크,0.8,8000,만원 단위 추정,2,unknown,림창,registered,,needs_review,"가격 단위 추정, 수량 표기 감지, 배송비 포함 여부 미확정, 복수 수량 총액 · 카드 1장 가격 아님",우라라 신일싴 2장 0.8,active,estimated,per_quantity,text,needs_review,candidate,seller-5847204862709f86f41534dc,림창,30,medium,unreviewed,0
tcggame,"우라라 신일싴, 드롤등 한판범용 ㅍㅍ",https://m.dcinside.com/board/tcggame/4319763,2026-08-23T19:04:34+09:00,길항,슈레,0.5,5000,만원 단위 추정,3,unknown,림창,registered,,needs_review,"가격 단위 추정, 수량 표기 감지, 배송비 포함 여부 미확정, 복수 수량 총액 · 카드 1장 가격 아님",길항 슈 3장 0.5,active,estimated,per_quantity,text,needs_review,candidate,seller-5847204862709f86f41534dc,림창,30,medium,unreviewed,0
tcggame,조금 모자란 크클 누밸즈 소스 5.6에 팜 님삼??,https://m.dcinside.com/board/tcggame/4319759,2026-08-23T18:54:38+09:00,"할모니 + 단장 없음, 드리시 .",,,,미기재,3,unknown,제육에밥먹기,registered,,needs_review,수량 표기 감지 · 가격 미기재,"할모니 2장+ 단장 없음, 드리시 1장.",active,missing,unknown,unknown,needs_review,candidate,seller-89ae4d5eaae8741f674f9fe9,제육에밥먹기,15,low,unreviewed,0
tcggame,니케 일레그 공식 슬리브 구매합니다,https://m.dcinside.com/board/tcggame/4319751,2026-08-23T18:46:38+09:00,해당 일러스트의 슬리브,,,,미기재,80,unknown,류우_,registered,,needs_review,수량 표기 감지 · 가격 미기재,해당 일러스트의 슬리브 80매,active,missing,unknown,unknown,needs_review,candidate,seller-fa94d0a92d70f533ba4d078b,류우_,15,low,unreviewed,0
tcggame,니케 일레그 공식 슬리브 구매합니다,https://m.dcinside.com/board/tcggame/4319751,2026-08-23T18:46:38+09:00,이상 분할판매도 찔러봐주십쇼,,,,미기재,15,unknown,류우_,registered,,needs_review,수량 표기 감지 · 가격 미기재,15매이상 분할판매도 찔러봐주십쇼,active,missing,unknown,unknown,needs_review,candidate,seller-fa94d0a92d70f533ba4d078b,류우_,15,low,unreviewed,0
tcggame,니케 일레그 공식 슬리브 구매합니다,https://m.dcinside.com/board/tcggame/4319751,2026-08-23T18:46:38+09:00,var safe = (window.dcAd && window.dcAd.safe ==,,1,10000,만원 단위 추정,1,unknown,류우_,registered,,needs_review,"가격 단위 추정, 복수 카드 가격, 배송비 포함 여부 미확정, 묶음·세트 총액 · 개별 카드 가격 아님, 스크립트·광고 문구로 추정되는 오염 행",var safe = (window.dcAd && window.dcAd.safe == 1),active,estimated,bundle,text,excluded,candidate,seller-fa94d0a92d70f533ba4d078b,류우_,15,low,unreviewed,0
tcggame,니케 일레그 공식 슬리브 구매합니다,https://m.dcinside.com/board/tcggame/4319751,2026-08-23T18:46:38+09:00,미개봉 기준,,2.5,25000,만원 단위 추정,1,unknown,류우_,registered,,needs_review,"가격 단위 추정, 배송비 포함 여부 미확정",미개봉 기준 2.5,active,estimated,per_card,text,needs_review,candidate,seller-fa94d0a92d70f533ba4d078b,류우_,15,low,unreviewed,0
tcggame,"문라 약고레어, 오인체포 ㅍㅍ",https://m.dcinside.com/board/tcggame/4319743,2026-08-23T18:26:19+09:00,,,1.1,11000,만원 단위 추정,1,unknown,림창,registered,,needs_review,"가격 단위 추정, 일괄·세트 가격, 배송비 포함 여부 미확정, 카드명 확인 필요, 묶음·세트 총액 · 개별 카드 가격 아님",일괄 1.1,active,estimated,bundle,text,needs_review,unmatched,seller-5847204862709f86f41534dc,림창,30,medium,unreviewed,0
tcggame,"문라 약고레어, 오인체포 ㅍㅍ",https://m.dcinside.com/board/tcggame/4319743,2026-08-23T18:26:19+09:00,오인체포,,,,미기재,3,unknown,림창,registered,,needs_review,수량 표기 감지 · 가격 미기재,오인체포 3장,active,missing,unknown,unknown,needs_review,candidate,seller-5847204862709f86f41534dc,림창,30,medium,unreviewed,0
tcggame,딱접할까싶어서 킬튠 고레어완덱팜.,https://m.dcinside.com/board/tcggame/4319739,2026-08-23T18:24:01+09:00,포영 시크 한장코드가다름 rc03 04 04였던걸로기억,,,,미기재,3,unknown,ㅇㅇ,guest,,needs_review,수량 표기 감지 · 가격 미기재,포영 시크 3장 한장코드가다름 rc03 04 04였던걸로기억,active,missing,unknown,unknown,needs_review,candidate,seller-fa5660c8cd2d6a10fa19ee47,ㅇㅇ,15,low,unreviewed,0
tcggame,딱접할까싶어서 킬튠 고레어완덱팜.,https://m.dcinside.com/board/tcggame/4319739,2026-08-23T18:24:01+09:00,로터리,프싴,1,10000,만원 단위 추정,1,unknown,ㅇㅇ,guest,,needs_review,"가격 단위 추정, 배송비 포함 여부 미확정",로터리 프싴 1,active,estimated,per_card,text,needs_review,candidate,seller-fa5660c8cd2d6a10fa19ee47,ㅇㅇ,15,low,unreviewed,0
tcggame,딱접할까싶어서 킬튠 고레어완덱팜.,https://m.dcinside.com/board/tcggame/4319739,2026-08-23T18:24:01+09:00,빈칸하나 로즈파멜라,시크,1,10000,만원 단위 추정,1,unknown,ㅇㅇ,guest,,needs_review,"가격 단위 추정, 배송비 포함 여부 미확정",빈칸하나 로즈파멜라 시크 1,active,estimated,per_card,text,needs_review,candidate,seller-fa5660c8cd2d6a10fa19ee47,ㅇㅇ,15,low,unreviewed,0
tcggame,딱접할까싶어서 킬튠 고레어완덱팜.,https://m.dcinside.com/board/tcggame/4319739,2026-08-23T18:24:01+09:00,var safe = (window.dcAd && window.dcAd.safe ==,,1,10000,만원 단위 추정,1,unknown,ㅇㅇ,guest,,needs_review,"가격 단위 추정, 복수 카드 가격, 배송비 포함 여부 미확정, 묶음·세트 총액 · 개별 카드 가격 아님, 스크립트·광고 문구로 추정되는 오염 행",var safe = (window.dcAd && window.dcAd.safe == 1),active,estimated,bundle,text,excluded,candidate,seller-fa5660c8cd2d6a10fa19ee47,ㅇㅇ,15,low,unreviewed,0
tcggame,그지낙인 판다이온,https://m.dcinside.com/board/tcggame/4319716,2026-08-23T18:00:42+09:00,빙검 오버,,1.5,15000,만원 단위 추정,1,unknown,ㅇㅇ,guest,,needs_review,"가격 단위 추정, 배송비 포함 여부 미확정",빙검 오버 1.5,active,estimated,per_card,text,needs_review,candidate,seller-ab709439e4eb85e923ac3602,ㅇㅇ,15,low,unreviewed,0
tcggame,그지낙인 판다이온,https://m.dcinside.com/board/tcggame/4319716,2026-08-23T18:00:42+09:00,삼영,시크,4.5,45000,만원 단위 추정,1,unknown,ㅇㅇ,guest,,needs_review,"가격 단위 추정, 배송비 포함 여부 미확정",삼영 싴 4.5,active,estimated,per_card,text,needs_review,candidate,seller-ab709439e4eb85e923ac3602,ㅇㅇ,15,low,unreviewed,0
tcggame,그지낙인 판다이온,https://m.dcinside.com/board/tcggame/4319716,2026-08-23T18:00:42+09:00,6.5에 범용값 0.5 치고,,7.0,70000,만원 단위 추정,1,included,ㅇㅇ,guest,2000,needs_review,"가격 단위 추정, 일괄·세트 가격, 묶음·세트 총액 · 개별 카드 가격 아님",일괄 6.5에 범용값 0.5 치고 택포 7.0에 ㅍㅍ,active,estimated,bundle,text,needs_review,candidate,seller-ab709439e4eb85e923ac3602,ㅇㅇ,15,low,unreviewed,0
tcggame,그지낙인 판다이온,https://m.dcinside.com/board/tcggame/4319716,2026-08-23T18:00:42+09:00,백낙윤,울레,1.0,10000,만원 단위 추정,2,unknown,ㅇㅇ,guest,,needs_review,"가격 단위 추정, 수량 표기 감지, 일괄·세트 가격, 배송비 포함 여부 미확정, 묶음·세트 총액 · 개별 카드 가격 아님",백낙윤 울 2장 일괄 1.0,active,estimated,bundle,text,needs_review,candidate,seller-ab709439e4eb85e923ac3602,ㅇㅇ,15,low,unreviewed,0
tcggame,그지낙인 판다이온,https://m.dcinside.com/board/tcggame/4319716,2026-08-23T18:00:42+09:00,흑에클,얼티,0.5,5000,만원 단위 추정,1,unknown,ㅇㅇ,guest,,needs_review,"가격 단위 추정, 배송비 포함 여부 미확정",흑에클 얼티 0.5,active,estimated,per_card,text,needs_review,candidate,seller-ab709439e4eb85e923ac3602,ㅇㅇ,15,low,unreviewed,0
tcggame,낙인고레어 소스 팔아요,https://m.dcinside.com/board/tcggame/4319715,2026-08-23T18:00:25+09:00,알베르 신일러 프싴장당,,6.0,60000,만원 단위 추정,1,unknown,버스센터,guest,,needs_review,"가격 단위 추정, 배송비 포함 여부 미확정",알베르 신일러 프싴장당 6.0,active,estimated,per_card,text,needs_review,candidate,seller-be2e91659f7afcd81a6701e9,버스센터,15,low,unreviewed,0
tcggame,낙인고레어 소스 팔아요,https://m.dcinside.com/board/tcggame/4319715,2026-08-23T18:00:25+09:00,폴른,,,,미기재,12,unknown,버스센터,guest,,needs_review,수량 표기 감지 · 가격 미기재,폴른 12,active,missing,unknown,unknown,needs_review,candidate,seller-be2e91659f7afcd81a6701e9,버스센터,15,low,unreviewed,0
tcggame,낙인고레어 소스 팔아요,https://m.dcinside.com/board/tcggame/4319715,2026-08-23T18:00:25+09:00,카르테시아 구일,프싴,3.5,35000,만원 단위 추정,1,unknown,버스센터,guest,,needs_review,"가격 단위 추정, 배송비 포함 여부 미확정",카르테시아 구일프싴 3.5,active,estimated,per_card,text,needs_review,candidate,seller-be2e91659f7afcd81a6701e9,버스센터,15,low,unreviewed,0
tcggame,낙인고레어 소스 팔아요,https://m.dcinside.com/board/tcggame/4319715,2026-08-23T18:00:25+09:00,알버스의 낙윤,,,,미기재,3,unknown,버스센터,guest,,needs_review,수량 표기 감지 · 가격 미기재,알버스의 낙윤 3,active,missing,unknown,unknown,needs_review,candidate,seller-be2e91659f7afcd81a6701e9,버스센터,15,low,unreviewed,0
tcggame,낙인고레어 소스 팔아요,https://m.dcinside.com/board/tcggame/4319715,2026-08-23T18:00:25+09:00,낙인융합,,,,미기재,6,unknown,버스센터,guest,,needs_review,수량 표기 감지 · 가격 미기재,낙인융합 6,active,missing,unknown,unknown,needs_review,candidate,seller-be2e91659f7afcd81a6701e9,버스센터,15,low,unreviewed,0
tcggame,낙인고레어 소스 팔아요,https://m.dcinside.com/board/tcggame/4319715,2026-08-23T18:00:25+09:00,쿠엠,,2.5,25000,만원 단위 추정,1,unknown,버스센터,guest,,needs_review,"가격 단위 추정, 배송비 포함 여부 미확정",쿠엠 2.5,active,estimated,per_card,text,needs_review,candidate,seller-be2e91659f7afcd81a6701e9,버스센터,15,low,unreviewed,0
tcggame,아자레아 천저의사도 이뷜 부케팔로스 삽니다,https://m.dcinside.com/board/tcggame/4319706,2026-08-23T17:48:04+09:00,아자레아 레드싴 3.0,,,,미기재,1,unknown,ㅇㅇ,guest,,needs_review,수량 표기 감지 · 가격 미기재,아자레아 레드싴 3.0x1,active,missing,unknown,unknown,needs_review,candidate,seller-65fda815c70df40dfe320d31,ㅇㅇ,15,low,unreviewed,0
tcggame,아자레아 천저의사도 이뷜 부케팔로스 삽니다,https://m.dcinside.com/board/tcggame/4319706,2026-08-23T17:48:04+09:00,인페르노이드 이뷜 싴페레 4.0,,,,미기재,1,unknown,ㅇㅇ,guest,,needs_review,수량 표기 감지 · 가격 미기재,인페르노이드 이뷜 싴페레 4.0x1,active,missing,unknown,unknown,needs_review,candidate,seller-65fda815c70df40dfe320d31,ㅇㅇ,15,low,unreviewed,0
tcggame,낙인고레어 소스 팔아요,https://m.dcinside.com/board/tcggame/4319715,2026-08-23T18:00:25+09:00,철구룡,,1.5,15000,만원 단위 추정,1,unknown,버스센터,guest,,needs_review,"가격 단위 추정, 배송비 포함 여부 미확정",철구룡 1.5,active,estimated,per_card,text,needs_review,candidate,seller-be2e91659f7afcd81a6701e9,버스센터,15,low,unreviewed,0
tcggame,낙인고레어 소스 팔아요,https://m.dcinside.com/board/tcggame/4319715,2026-08-23T18:00:25+09:00,혁언룡,,7.5,75000,만원 단위 추정,1,unknown,버스센터,guest,,needs_review,"가격 단위 추정, 배송비 포함 여부 미확정",혁언룡 7.5,active,estimated,per_card,text,needs_review,candidate,seller-be2e91659f7afcd81a6701e9,버스센터,15,low,unreviewed,0
tcggame,낙인고레어 소스 팔아요,https://m.dcinside.com/board/tcggame/4319715,2026-08-23T18:00:25+09:00,진염룡,,2.0,20000,만원 단위 추정,1,unknown,버스센터,guest,,needs_review,"가격 단위 추정, 배송비 포함 여부 미확정",진염룡 2.0,active,estimated,per_card,text,needs_review,candidate,seller-be2e91659f7afcd81a6701e9,버스센터,15,low,unreviewed,0
tcggame,낙인고레어 소스 팔아요,https://m.dcinside.com/board/tcggame/4319715,2026-08-23T18:00:25+09:00,카르테시아 신일,프싴,,,미기재,11,unknown,버스센터,guest,,needs_review,수량 표기 감지 · 가격 미기재,카르테시아 신일 프싴 11,active,missing,unknown,unknown,needs_review,candidate,seller-be2e91659f7afcd81a6701e9,버스센터,15,low,unreviewed,0
tcggame,낙인고레어 소스 팔아요,https://m.dcinside.com/board/tcggame/4319715,2026-08-23T18:00:25+09:00,개추키트,,1.5,15000,만원 단위 추정,1,unknown,버스센터,guest,,needs_review,"가격 단위 추정, 배송비 포함 여부 미확정",개추키트 1.5,active,estimated,per_card,text,needs_review,candidate,seller-be2e91659f7afcd81a6701e9,버스센터,15,low,unreviewed,0
tcggame,낙인고레어 소스 팔아요,https://m.dcinside.com/board/tcggame/4319715,2026-08-23T18:00:25+09:00,빙검룡,,2.5,25000,만원 단위 추정,1,unknown,버스센터,guest,,needs_review,"가격 단위 추정, 배송비 포함 여부 미확정",빙검룡 2.5,active,estimated,per_card,text,needs_review,candidate,seller-be2e91659f7afcd81a6701e9,버스센터,15,low,unreviewed,0
tcggame,아자레아 천저의사도 이뷜 부케팔로스 삽니다,https://m.dcinside.com/board/tcggame/4319706,2026-08-23T17:48:04+09:00,부케팔로스 프싴 1.0,,,,미기재,1,unknown,ㅇㅇ,guest,,needs_review,수량 표기 감지 · 가격 미기재,부케팔로스 프싴 1.0x1,active,missing,unknown,unknown,needs_review,candidate,seller-65fda815c70df40dfe320d31,ㅇㅇ,15,low,unreviewed,0
tcggame,낙인고레어 소스 팔아요,https://m.dcinside.com/board/tcggame/4319715,2026-08-23T18:00:25+09:00,실낙인,,1.5,15000,만원 단위 추정,1,unknown,버스센터,guest,,needs_review,"가격 단위 추정, 배송비 포함 여부 미확정",실낙인 1.5,active,estimated,per_card,text,needs_review,candidate,seller-be2e91659f7afcd81a6701e9,버스센터,15,low,unreviewed,0
tcggame,낙인고레어 소스 팔아요,https://m.dcinside.com/board/tcggame/4319715,2026-08-23T18:00:25+09:00,마그나무트,,7.0,70000,만원 단위 추정,1,unknown,버스센터,guest,,needs_review,"가격 단위 추정, 배송비 포함 여부 미확정",마그나무트 7.0,active,estimated,per_card,text,needs_review,candidate,seller-be2e91659f7afcd81a6701e9,버스센터,15,low,unreviewed,0
tcggame,낙인고레어 소스 팔아요,https://m.dcinside.com/board/tcggame/4319715,2026-08-23T18:00:25+09:00,흑에클,,5.0,50000,만원 단위 추정,1,unknown,버스센터,guest,,needs_review,"가격 단위 추정, 배송비 포함 여부 미확정",흑에클 5.0,active,estimated,per_card,text,needs_review,candidate,seller-be2e91659f7afcd81a6701e9,버스센터,15,low,unreviewed,0
tcggame,아자레아 천저의사도 이뷜 부케팔로스 삽니다,https://m.dcinside.com/board/tcggame/4319706,2026-08-23T17:48:04+09:00,천저의사도 쿼싴 3.0,,,,미기재,1,unknown,ㅇㅇ,guest,,needs_review,수량 표기 감지 · 가격 미기재,천저의사도 쿼싴 3.0x1,active,missing,unknown,unknown,needs_review,candidate,seller-65fda815c70df40dfe320d31,ㅇㅇ,15,low,unreviewed,0
tcggame,낙인고레어 소스 팔아요,https://m.dcinside.com/board/tcggame/4319715,2026-08-23T18:00:25+09:00,에클레시아,쿼싴,2.0,20000,만원 단위 추정,1,unknown,버스센터,guest,,needs_review,"가격 단위 추정, 배송비 포함 여부 미확정",에클레시아 쿼싴 2.0,active,estimated,per_card,text,needs_review,candidate,seller-be2e91659f7afcd81a6701e9,버스센터,15,low,unreviewed,0
tcggame,낙인고레어 소스 팔아요,https://m.dcinside.com/board/tcggame/4319715,2026-08-23T18:00:25+09:00,순백의성녀 신일,프싴,,,미기재,11,unknown,버스센터,guest,,needs_review,수량 표기 감지 · 가격 미기재,순백의성녀 신일 프싴 11,active,missing,unknown,unknown,needs_review,candidate,seller-be2e91659f7afcd81a6701e9,버스센터,15,low,unreviewed,0
tcggame,낙인고레어 소스 팔아요,https://m.dcinside.com/board/tcggame/4319715,2026-08-23T18:00:25+09:00,알버스의 낙윤,쿼싴,1.0,10000,만원 단위 추정,1,unknown,버스센터,guest,,needs_review,"가격 단위 추정, 배송비 포함 여부 미확정",알버스의 낙윤 쿼싴 1.0,active,estimated,per_card,text,needs_review,candidate,seller-be2e91659f7afcd81a6701e9,버스센터,15,low,unreviewed,0
tcggame,"바마,발푸르,베르매직 시크 ㅍㅍ",https://m.dcinside.com/board/tcggame/4319700,2026-08-23T17:39:10+09:00,바마,,4.5,45000,만원 단위 추정,1,unknown,네넹면,registered,,needs_review,"가격 단위 추정, 배송비 포함 여부 미확정",바마 4.5,active,estimated,per_card,text,needs_review,candidate,seller-0ee2ff15b9bc8419397b3d4a,네넹면,15,low,unreviewed,0
tcggame,"바마,발푸르,베르매직 시크 ㅍㅍ",https://m.dcinside.com/board/tcggame/4319700,2026-08-23T17:39:10+09:00,발푸르,,,,미기재,1,unknown,네넹면,registered,,needs_review,수량 표기 감지 · 가격 미기재,발푸르 1,active,missing,unknown,unknown,needs_review,candidate,seller-0ee2ff15b9bc8419397b3d4a,네넹면,15,low,unreviewed,0
tcggame,"바마,발푸르,베르매직 시크 ㅍㅍ",https://m.dcinside.com/board/tcggame/4319700,2026-08-23T17:39:10+09:00,베르매직,,0.5,5000,만원 단위 추정,1,unknown,네넹면,registered,,needs_review,"가격 단위 추정, 배송비 포함 여부 미확정",베르매직 0.5,active,estimated,per_card,text,needs_review,candidate,seller-0ee2ff15b9bc8419397b3d4a,네넹면,15,low,unreviewed,0
tcggame,골디온 삽니다,https://m.dcinside.com/board/tcggame/4319697,2026-08-23T17:37:11+09:00,골디온 글판 장당 0.5로 구해봅니다,,,,미기재,3,unknown,캐르단,registered,,needs_review,수량 표기 감지 · 가격 미기재,골디온 글판 장당 0.5로 3장 구해봅니다,active,missing,unknown,unknown,needs_review,candidate,seller-ece8da84cdcf87450e90bec2,캐르단,15,low,unreviewed,0
tcggame,다시 올려보는 금궤흑인,https://m.dcinside.com/board/tcggame/4319685,2026-08-23T17:17:16+09:00,var safe = (window.dcAd && window.dcAd.safe ==,,1,10000,만원 단위 추정,1,unknown,전대대실격,registered,,needs_review,"가격 단위 추정, 복수 카드 가격, 배송비 포함 여부 미확정, 묶음·세트 총액 · 개별 카드 가격 아님, 스크립트·광고 문구로 추정되는 오염 행",var safe = (window.dcAd && window.dcAd.safe == 1),active,estimated,bundle,text,excluded,candidate,seller-e7d9d0b3c78fab7292767044,전대대실격,30,medium,unreviewed,0
tcggame,다시 올려보는 금궤흑인,https://m.dcinside.com/board/tcggame/4319685,2026-08-23T17:17:16+09:00,흑드,,3,30000,만원 단위 추정,1,unknown,전대대실격,registered,,needs_review,"가격 단위 추정, 배송비 포함 여부 미확정",흑드 3,active,estimated,per_card,text,needs_review,candidate,seller-e7d9d0b3c78fab7292767044,전대대실격,30,medium,unreviewed,0
tcggame,다시 올려보는 금궤흑인,https://m.dcinside.com/board/tcggame/4319685,2026-08-23T17:17:16+09:00,의준,,1.5,15000,만원 단위 추정,1,unknown,전대대실격,registered,,needs_review,"가격 단위 추정, 배송비 포함 여부 미확정",의준 1.5,active,estimated,per_card,text,needs_review,candidate,seller-e7d9d0b3c78fab7292767044,전대대실격,30,medium,unreviewed,0
tcggame,다시 올려보는 금궤흑인,https://m.dcinside.com/board/tcggame/4319685,2026-08-23T17:17:16+09:00,마도진 비의,,3,30000,만원 단위 추정,1,unknown,전대대실격,registered,,needs_review,"가격 단위 추정, 배송비 포함 여부 미확정",마도진 비의 3,active,estimated,per_card,text,needs_review,candidate,seller-e7d9d0b3c78fab7292767044,전대대실격,30,medium,unreviewed,0
tcggame,다시 올려보는 금궤흑인,https://m.dcinside.com/board/tcggame/4319685,2026-08-23T17:17:16+09:00,정도로 책정하고 감가해서,,30,300000,만원 단위 추정,1,unknown,전대대실격,registered,,needs_review,"가격 단위 추정, 배송비 포함 여부 미확정",정도로 책정하고 감가해서 30에 던져봄,active,estimated,per_card,text,needs_review,candidate,seller-e7d9d0b3c78fab7292767044,전대대실격,30,medium,unreviewed,0
tcggame,다시 올려보는 금궤흑인,https://m.dcinside.com/board/tcggame/4319685,2026-08-23T17:17:16+09:00,금궤세트,,1,10000,만원 단위 추정,1,unknown,전대대실격,registered,,needs_review,"가격 단위 추정, 일괄·세트 가격, 배송비 포함 여부 미확정, 묶음·세트 총액 · 개별 카드 가격 아님",금궤세트 1,active,estimated,bundle,text,needs_review,candidate,seller-e7d9d0b3c78fab7292767044,전대대실격,30,medium,unreviewed,0
tcggame,다시 올려보는 금궤흑인,https://m.dcinside.com/board/tcggame/4319685,2026-08-23T17:17:16+09:00,로드싴 소울즈,얼티,1,10000,만원 단위 추정,1,unknown,전대대실격,registered,,needs_review,"가격 단위 추정, 배송비 포함 여부 미확정",로드싴 소울즈얼티 1,active,estimated,per_card,text,needs_review,candidate,seller-e7d9d0b3c78fab7292767044,전대대실격,30,medium,unreviewed,0
tcggame,다시 올려보는 금궤흑인,https://m.dcinside.com/board/tcggame/4319685,2026-08-23T17:17:16+09:00,흑커튼,,12,120000,만원 단위 추정,1,unknown,전대대실격,registered,,needs_review,"가격 단위 추정, 배송비 포함 여부 미확정",흑커튼 12,active,estimated,per_card,text,needs_review,candidate,seller-e7d9d0b3c78fab7292767044,전대대실격,30,medium,unreviewed,0
tcggame,다시 올려보는 금궤흑인,https://m.dcinside.com/board/tcggame/4319685,2026-08-23T17:17:16+09:00,왕블매,,3,30000,만원 단위 추정,1,unknown,전대대실격,registered,,needs_review,"가격 단위 추정, 배송비 포함 여부 미확정",왕블매 3,active,estimated,per_card,text,needs_review,candidate,seller-e7d9d0b3c78fab7292767044,전대대실격,30,medium,unreviewed,0
tcggame,다시 올려보는 금궤흑인,https://m.dcinside.com/board/tcggame/4319685,2026-08-23T17:17:16+09:00,멸흑안광 2세트,,9,90000,만원 단위 추정,1,unknown,전대대실격,registered,,needs_review,"가격 단위 추정, 일괄·세트 가격, 배송비 포함 여부 미확정, 묶음·세트 총액 · 개별 카드 가격 아님",멸흑안광 2세트 9,active,estimated,bundle,text,needs_review,candidate,seller-e7d9d0b3c78fab7292767044,전대대실격,30,medium,unreviewed,0
tcggame,리오컬 오버프식들ㅍㅍ,https://m.dcinside.com/board/tcggame/4319684,2026-08-23T17:16:53+09:00,바렛 버라지,오버울레,0.5,5000,만원 단위 추정,1,unknown,ㅇㅇ,guest,,needs_review,"가격 단위 추정, 배송비 포함 여부 미확정, 레어도 구간 상속",바렛 버라지 0.5,active,estimated,per_card,text,needs_review,candidate,seller-c91df721a8959dfe618e2ee3,ㅇㅇ,15,low,unreviewed,0
tcggame,리오컬 오버프식들ㅍㅍ,https://m.dcinside.com/board/tcggame/4319684,2026-08-23T17:16:53+09:00,스타더스트 빅팀,오버울레,0.2,2000,만원 단위 추정,1,unknown,ㅇㅇ,guest,,needs_review,"가격 단위 추정, 배송비 포함 여부 미확정, 레어도 구간 상속",스타더스트 빅팀 0.2,active,estimated,per_card,text,needs_review,candidate,seller-c91df721a8959dfe618e2ee3,ㅇㅇ,15,low,unreviewed,0
tcggame,잡카 퍔,https://m.dcinside.com/board/tcggame/4319668,2026-08-23T16:54:01+09:00,트라게 총알 파츠,,0.7,7000,만원 단위 추정,1,unknown,ㅇㅇ,guest,,needs_review,"가격 단위 추정, 배송비 포함 여부 미확정",트라게 총알 파츠 0.7,active,estimated,per_card,text,needs_review,candidate,seller-20ab5e480bd3bc6af00be0af,ㅇㅇ,15,low,unreviewed,0
tcggame,리오컬 오버프식들ㅍㅍ,https://m.dcinside.com/board/tcggame/4319684,2026-08-23T17:16:53+09:00,즈아크레이,,0.4,4000,만원 단위 추정,1,unknown,ㅇㅇ,guest,,needs_review,"가격 단위 추정, 배송비 포함 여부 미확정",즈아크레이 0.4,active,estimated,per_card,text,needs_review,candidate,seller-c91df721a8959dfe618e2ee3,ㅇㅇ,15,low,unreviewed,0
tcggame,잡카 퍔,https://m.dcinside.com/board/tcggame/4319668,2026-08-23T16:54:01+09:00,환대 쿼싴부터 가이아 레드 시크까지 장당,,0.3,3000,만원 단위 추정,1,unknown,ㅇㅇ,guest,,needs_review,"가격 단위 추정, 배송비 포함 여부 미확정",환대 쿼싴부터 가이아 레드 시크까지 장당 0.3,active,estimated,per_card,text,needs_review,candidate,seller-20ab5e480bd3bc6af00be0af,ㅇㅇ,15,low,unreviewed,0
tcggame,리오컬 오버프식들ㅍㅍ,https://m.dcinside.com/board/tcggame/4319684,2026-08-23T17:16:53+09:00,즈아크,,0.5,5000,만원 단위 추정,1,unknown,ㅇㅇ,guest,,needs_review,"가격 단위 추정, 배송비 포함 여부 미확정",즈아크 0.5,active,estimated,per_card,text,needs_review,candidate,seller-c91df721a8959dfe618e2ee3,ㅇㅇ,15,low,unreviewed,0
tcggame,잡카 퍔,https://m.dcinside.com/board/tcggame/4319668,2026-08-23T16:54:01+09:00,알베르,슈레,0.4,4000,만원 단위 추정,1,unknown,ㅇㅇ,guest,,needs_review,"가격 단위 추정, 배송비 포함 여부 미확정",알베르 슈레 0.4,active,estimated,per_card,text,needs_review,candidate,seller-20ab5e480bd3bc6af00be0af,ㅇㅇ,15,low,unreviewed,0
tcggame,잡카 퍔,https://m.dcinside.com/board/tcggame/4319668,2026-08-23T16:54:01+09:00,타조룡 오버 울레 천동 울레 암브로엘 울레 장당,,0.2,2000,만원 단위 추정,1,unknown,ㅇㅇ,guest,,needs_review,"가격 단위 추정, 배송비 포함 여부 미확정",타조룡 오버 울레 천동 울레 암브로엘 울레 장당 0.2,active,estimated,per_card,text,needs_review,candidate,seller-20ab5e480bd3bc6af00be0af,ㅇㅇ,15,low,unreviewed,0
tcggame,잡카 퍔,https://m.dcinside.com/board/tcggame/4319668,2026-08-23T16:54:01+09:00,디바이너,울레,,,미기재,1,unknown,ㅇㅇ,guest,,needs_review,수량 표기 감지 · 가격 미기재,디바이너 울레 1,active,missing,unknown,unknown,needs_review,candidate,seller-20ab5e480bd3bc6af00be0af,ㅇㅇ,15,low,unreviewed,0
tcggame,리오컬 오버프식들ㅍㅍ,https://m.dcinside.com/board/tcggame/4319684,2026-08-23T17:16:53+09:00,스타브 오버 프식,,3.0,30000,만원 단위 추정,1,unknown,ㅇㅇ,guest,,needs_review,"가격 단위 추정, 배송비 포함 여부 미확정",스타브 오버 프식 3.0,active,estimated,per_card,text,needs_review,candidate,seller-c91df721a8959dfe618e2ee3,ㅇㅇ,15,low,unreviewed,0
tcggame,잡카 퍔,https://m.dcinside.com/board/tcggame/4319668,2026-08-23T16:54:01+09:00,루키나,프싴,,,미기재,3,unknown,ㅇㅇ,guest,,needs_review,수량 표기 감지 · 가격 미기재,루키나 프싴 3,active,missing,unknown,unknown,needs_review,candidate,seller-20ab5e480bd3bc6af00be0af,ㅇㅇ,15,low,unreviewed,0
tcggame,리오컬 오버프식들ㅍㅍ,https://m.dcinside.com/board/tcggame/4319684,2026-08-23T17:16:53+09:00,종격룡 오버 프식,,2.5,25000,만원 단위 추정,1,unknown,ㅇㅇ,guest,,needs_review,"가격 단위 추정, 배송비 포함 여부 미확정",종격룡 오버 프식 2.5,active,estimated,per_card,text,needs_review,candidate,seller-c91df721a8959dfe618e2ee3,ㅇㅇ,15,low,unreviewed,0
tcggame,리오컬 오버프식들ㅍㅍ,https://m.dcinside.com/board/tcggame/4319684,2026-08-23T17:16:53+09:00,스타더스트 빅팀,,3.0,30000,만원 단위 추정,1,unknown,ㅇㅇ,guest,,needs_review,"가격 단위 추정, 배송비 포함 여부 미확정",스타더스트 빅팀 3.0,active,estimated,per_card,text,needs_review,candidate,seller-c91df721a8959dfe618e2ee3,ㅇㅇ,15,low,unreviewed,0
