path,game_id,game_name,year_month,listing_type,listing_type_label,rows,bytes,price_candidate_rows,strict_price_rows,min_posted_at,max_posted_at
partitions/digimontcg/2026-07/buy.csv,digimontcg,디지몬 카드게임,2026-07,buy,구매,1712,1044375,974,0,2026-07-04T21:23:06+09:00,2026-07-31T23:44:46+09:00
partitions/digimontcg/2026-07/sell.csv,digimontcg,디지몬 카드게임,2026-07,sell,판매,5629,3504458,2664,6,2026-07-04T23:52:04+09:00,2026-07-31T21:34:40+09:00
partitions/digimontcg/2026-07/trade.csv,digimontcg,디지몬 카드게임,2026-07,trade,교환,70,48526,17,0,2026-07-06T16:24:26+09:00,2026-07-30T16:58:04+09:00
partitions/digimontcg/2026-07/unknown.csv,digimontcg,디지몬 카드게임,2026-07,unknown,미분류,4105,2559483,2353,0,2026-07-04T22:38:39+09:00,2026-07-31T21:00:46+09:00
partitions/digimontcg/2026-08/buy.csv,digimontcg,디지몬 카드게임,2026-08,buy,구매,1007,618079,497,16,2026-08-01T08:08:38+09:00,2026-08-13T16:03:54+09:00
partitions/digimontcg/2026-08/sell.csv,digimontcg,디지몬 카드게임,2026-08,sell,판매,6175,3805177,3406,0,2026-08-01T01:15:42+09:00,2026-08-13T17:02:55+09:00
partitions/digimontcg/2026-08/trade.csv,digimontcg,디지몬 카드게임,2026-08,trade,교환,91,64304,12,0,2026-08-01T08:36:00+09:00,2026-08-11T11:08:48+09:00
partitions/digimontcg/2026-08/unknown.csv,digimontcg,디지몬 카드게임,2026-08,unknown,미분류,3609,2306081,1588,0,2026-08-01T00:45:01+09:00,2026-08-13T17:07:12+09:00
partitions/onepiececardgame/2026-07/buy.csv,onepiececardgame,원피스 카드게임,2026-07,buy,구매,1230,732228,609,3,2026-07-12T16:07:15+09:00,2026-07-31T22:59:31+09:00
partitions/onepiececardgame/2026-07/sell.csv,onepiececardgame,원피스 카드게임,2026-07,sell,판매,6388,3814627,3918,10,2026-07-12T09:33:29+09:00,2026-07-31T22:56:24+09:00
partitions/onepiececardgame/2026-07/unknown.csv,onepiececardgame,원피스 카드게임,2026-07,unknown,미분류,1129,720456,430,0,2026-07-12T18:11:39+09:00,2026-07-31T20:58:52+09:00
partitions/onepiececardgame/2026-08/buy.csv,onepiececardgame,원피스 카드게임,2026-08,buy,구매,1704,1035083,736,0,2026-08-01T01:05:13+09:00,2026-08-13T16:58:03+09:00
partitions/onepiececardgame/2026-08/sell.csv,onepiececardgame,원피스 카드게임,2026-08,sell,판매,5378,3283509,2719,0,2026-08-01T00:11:30+09:00,2026-08-13T17:02:38+09:00
partitions/onepiececardgame/2026-08/unknown.csv,onepiececardgame,원피스 카드게임,2026-08,unknown,미분류,2406,1558591,948,0,2026-08-01T00:39:55+09:00,2026-08-13T16:04:40+09:00
partitions/onepiececardgame/unknown-date/buy.csv,onepiececardgame,원피스 카드게임,unknown-date,buy,구매,43,24511,43,0,,
partitions/pokemoncardgame/2026-03/buy.csv,pokemoncardgame,포켓몬 카드게임,2026-03,buy,구매,1,980,0,0,2026-03-31T19:48:15+09:00,2026-03-31T19:48:15+09:00
partitions/pokemoncardgame/2026-03/sell.csv,pokemoncardgame,포켓몬 카드게임,2026-03,sell,판매,3,2185,2,0,2026-03-31T11:35:49+09:00,2026-03-31T23:56:52+09:00
partitions/pokemoncardgame/2026-03/unknown.csv,pokemoncardgame,포켓몬 카드게임,2026-03,unknown,미분류,15,9954,4,0,2026-03-31T10:11:45+09:00,2026-03-31T12:16:20+09:00
partitions/pokemoncardgame/2026-04/buy.csv,pokemoncardgame,포켓몬 카드게임,2026-04,buy,구매,295,171916,231,10,2026-04-01T23:17:23+09:00,2026-04-30T20:18:43+09:00
partitions/pokemoncardgame/2026-04/sell.csv,pokemoncardgame,포켓몬 카드게임,2026-04,sell,판매,695,438914,325,1,2026-04-01T12:04:40+09:00,2026-04-30T17:30:22+09:00
partitions/pokemoncardgame/2026-04/trade.csv,pokemoncardgame,포켓몬 카드게임,2026-04,trade,교환,8,6376,0,0,2026-04-12T22:43:08+09:00,2026-04-26T12:59:07+09:00
partitions/pokemoncardgame/2026-04/unknown.csv,pokemoncardgame,포켓몬 카드게임,2026-04,unknown,미분류,1202,746857,549,0,2026-04-01T03:39:56+09:00,2026-04-30T21:04:57+09:00
partitions/pokemoncardgame/2026-05/buy.csv,pokemoncardgame,포켓몬 카드게임,2026-05,buy,구매,494,295697,283,10,2026-05-01T00:28:20+09:00,2026-05-31T21:51:10+09:00
partitions/pokemoncardgame/2026-05/sell.csv,pokemoncardgame,포켓몬 카드게임,2026-05,sell,판매,968,623443,380,2,2026-05-01T16:20:29+09:00,2026-05-31T20:20:06+09:00
partitions/pokemoncardgame/2026-05/trade.csv,pokemoncardgame,포켓몬 카드게임,2026-05,trade,교환,18,13166,2,0,2026-05-01T04:02:29+09:00,2026-05-21T17:38:38+09:00
partitions/pokemoncardgame/2026-05/unknown.csv,pokemoncardgame,포켓몬 카드게임,2026-05,unknown,미분류,1075,645499,759,0,2026-05-01T01:06:20+09:00,2026-05-31T23:55:04+09:00
partitions/pokemoncardgame/2026-06/buy.csv,pokemoncardgame,포켓몬 카드게임,2026-06,buy,구매,588,346420,354,6,2026-06-01T14:54:05+09:00,2026-06-30T23:30:36+09:00
partitions/pokemoncardgame/2026-06/sell.csv,pokemoncardgame,포켓몬 카드게임,2026-06,sell,판매,3137,1998445,1192,3,2026-06-01T02:21:32+09:00,2026-06-30T23:22:04+09:00
partitions/pokemoncardgame/2026-06/unknown.csv,pokemoncardgame,포켓몬 카드게임,2026-06,unknown,미분류,5521,3620308,1625,0,2026-06-01T13:15:24+09:00,2026-06-30T23:47:26+09:00
partitions/pokemoncardgame/2026-07/buy.csv,pokemoncardgame,포켓몬 카드게임,2026-07,buy,구매,674,409744,437,3,2026-07-01T06:08:39+09:00,2026-07-31T20:08:27+09:00
partitions/pokemoncardgame/2026-07/sell.csv,pokemoncardgame,포켓몬 카드게임,2026-07,sell,판매,5583,3875889,720,177,2026-07-01T01:02:45+09:00,2026-07-31T20:14:36+09:00
partitions/pokemoncardgame/2026-07/unknown.csv,pokemoncardgame,포켓몬 카드게임,2026-07,unknown,미분류,1754,1118158,864,0,2026-07-01T01:10:01+09:00,2026-07-31T14:33:09+09:00
partitions/pokemoncardgame/2026-08/buy.csv,pokemoncardgame,포켓몬 카드게임,2026-08,buy,구매,393,245303,139,6,2026-08-01T16:09:39+09:00,2026-08-13T08:55:21+09:00
partitions/pokemoncardgame/2026-08/sell.csv,pokemoncardgame,포켓몬 카드게임,2026-08,sell,판매,2172,1779519,758,345,2026-08-01T01:21:58+09:00,2026-08-13T17:09:45+09:00
partitions/pokemoncardgame/2026-08/trade.csv,pokemoncardgame,포켓몬 카드게임,2026-08,trade,교환,8,6496,0,0,2026-08-10T20:01:31+09:00,2026-08-10T20:01:31+09:00
partitions/pokemoncardgame/2026-08/unknown.csv,pokemoncardgame,포켓몬 카드게임,2026-08,unknown,미분류,809,509590,429,0,2026-08-01T12:05:50+09:00,2026-08-13T16:26:22+09:00
partitions/tcggame/2026-07/buy.csv,tcggame,유희왕,2026-07,buy,구매,1726,1026017,1268,5,2026-07-07T10:48:36+09:00,2026-07-31T21:30:03+09:00
partitions/tcggame/2026-07/sell.csv,tcggame,유희왕,2026-07,sell,판매,19451,11953913,10593,9,2026-07-07T11:34:55+09:00,2026-07-31T23:59:01+09:00
partitions/tcggame/2026-07/trade.csv,tcggame,유희왕,2026-07,trade,교환,15,10344,5,0,2026-07-12T23:40:02+09:00,2026-07-24T18:42:17+09:00
partitions/tcggame/2026-07/unknown.csv,tcggame,유희왕,2026-07,unknown,미분류,3294,2064339,1639,0,2026-07-07T11:10:43+09:00,2026-07-31T21:13:10+09:00
partitions/tcggame/2026-08/buy.csv,tcggame,유희왕,2026-08,buy,구매,2689,1571020,1922,0,2026-08-01T00:16:52+09:00,2026-08-13T16:57:38+09:00
partitions/tcggame/2026-08/sell.csv,tcggame,유희왕,2026-08,sell,판매,33886,21025602,15403,9,2026-08-01T00:00:43+09:00,2026-08-13T17:02:58+09:00
partitions/tcggame/2026-08/trade.csv,tcggame,유희왕,2026-08,trade,교환,30,21282,2,0,2026-08-11T13:41:36+09:00,2026-08-11T20:52:07+09:00
partitions/tcggame/2026-08/unknown.csv,tcggame,유희왕,2026-08,unknown,미분류,5763,3540293,3273,0,2026-08-01T20:21:25+09:00,2026-08-13T16:40:48+09:00
partitions/vg/2026-06/buy.csv,vg,뱅가드,2026-06,buy,구매,406,231545,274,0,2026-06-10T00:15:49+09:00,2026-06-30T22:45:01+09:00
partitions/vg/2026-06/sell.csv,vg,뱅가드,2026-06,sell,판매,2593,1574735,1173,0,2026-06-10T07:58:39+09:00,2026-06-30T22:20:16+09:00
partitions/vg/2026-06/trade.csv,vg,뱅가드,2026-06,trade,교환,38,24280,22,0,2026-06-21T16:35:22+09:00,2026-06-21T16:35:22+09:00
partitions/vg/2026-06/unknown.csv,vg,뱅가드,2026-06,unknown,미분류,2416,1488792,1245,0,2026-06-10T00:08:51+09:00,2026-06-30T23:58:59+09:00
partitions/vg/2026-07/buy.csv,vg,뱅가드,2026-07,buy,구매,627,371766,258,0,2026-07-01T01:10:31+09:00,2026-07-31T08:20:21+09:00
partitions/vg/2026-07/sell.csv,vg,뱅가드,2026-07,sell,판매,7222,4414777,2943,10,2026-07-01T00:07:26+09:00,2026-07-31T23:12:43+09:00
partitions/vg/2026-07/unknown.csv,vg,뱅가드,2026-07,unknown,미분류,4237,2626036,1955,0,2026-07-01T02:58:07+09:00,2026-07-31T22:05:01+09:00
partitions/vg/2026-08/buy.csv,vg,뱅가드,2026-08,buy,구매,660,376473,331,0,2026-08-01T01:57:12+09:00,2026-08-13T16:54:53+09:00
partitions/vg/2026-08/sell.csv,vg,뱅가드,2026-08,sell,판매,8072,4877820,4212,6,2026-08-01T00:32:17+09:00,2026-08-13T17:09:29+09:00
partitions/vg/2026-08/unknown.csv,vg,뱅가드,2026-08,unknown,미분류,3043,1882834,1443,0,2026-08-01T02:08:27+09:00,2026-08-13T13:12:46+09:00
